pheno1	pheno2	pheno3	pheno4	pheno5	pheno6	pheno7	pheno8	pheno9	pheno10
2.6403	1.2584	0.8357	1.7233	1.2428	2.0243	1.802	2.7969	2.0779	1.3625
-0.3942	-2.1315	-0.2184	-1.5689	-0.6886	-1.086	0.0398	-0.4577	-3.0102	-0.826
1.3572	2.6376	0.6679	-0.0013	1.2044	1.3414	0.099	0.3125	1.3963	-0.571
-0.1545	-0.483	0.328	0.242	-0.6681	1.4926	-0.0537	-0.3449	-1.0765	0.2489
-0.0655	-0.3419	-1.188	-0.9351	-0.9924	-0.7898	-0.519	-0.4171	-1.3051	-0.2513
-0.3968	-1.1895	-0.0643	0.2034	1.2068	0.8043	-0.4214	0.2807	-0.5161	-0.2208
0.4406	-1.3522	-0.6383	-1.1991	-0.1764	-1.289	-0.9507	-0.6471	-0.8422	-1.3536
0.611	-0.1847	0.3936	0.9918	1.0463	1.2679	-0.0043	0.9715	1.0906	1.8058
-1.0983	-0.4127	0.6169	-1.3259	-0.4298	0.0733	-0.715	-1.087	-0.3261	0.7202
1.2163	-0.5908	0.3299	0.3949	-0.1825	0.6851	0.0416	0.4264	-0.0384	-0.0448
0.8072	0.0182	-0.8869	0.7122	-0.5505	0.5175	-0.3537	-1.1502	0.7001	1.4936
-0.123	-0.3719	0.5308	0.3779	0.5977	0.2762	0.5898	-0.262	1.0104	-0.7245
-0.3154	-0.2745	-0.5526	-1.3283	-0.2803	0.2066	0.6693	-0.8385	-0.3135	-1.6246
-0.1666	-0.3255	0.5606	0.3072	-0.6663	-1.0634	0.0625	-0.5681	-1.1659	-1.6535
-0.2093	-0.1141	0.707	-0.1127	1.0825	0.6678	-0.6041	-0.9822	0.9218	1.7357
0.493	1.2837	0.3687	-0.6106	-0.4277	0.6235	-0.3674	1.3737	-0.5826	0.4325
0.1387	0.7063	0.4551	1.242	0.3664	0.6032	-0.0334	0.7157	-0.3176	0.2964
-0.7273	-0.7963	-1.4312	-1.417	0.9855	-0.4039	-1.3119	-0.7653	-1.2397	-0.7386
1.1407	0.0571	0.2462	0.6025	-0.2543	1.1191	-0.1605	0.1362	-0.3296	1.2959
-0.7703	-0.1708	-1.6289	-0.7182	-0.1434	0.3969	0.8396	-0.9157	-1.067	-0.1515
0.7214	0.0998	-0.8519	-0.977	-0.2619	1.097	0.7419	0.0389	0.4524	-0.5269
0.0263	0.6726	0.2882	-0.0107	0.2538	0.2417	0.3235	0.1764	0.8396	-0.1646
-0.7047	-0.2959	0.7837	0.2188	0.6894	0.3473	0.8858	-0.0131	-0.6263	1.0452
1.9508	2.7814	2.0973	0.822	1.6085	1.8041	1.6041	0.4764	1.8118	0.2394
0.079	0.7824	-1.3423	0.4314	0.4837	-0.5134	-0.3294	-0.6599	0.4013	-0.3594
0.4814	0.9545	0.4761	1.6767	1.5275	0.8039	0.3735	1.4437	1.4761	-0.4693
-0.7516	0.93	0.455	-0.3232	-0.8611	0.7941	-1.3339	-0.3704	0.0225	0.3861
-1.2086	-1.7337	-1.6325	0.0539	-0.4521	-0.8911	-1.3335	-1.9515	-1.115	-0.7566
1.1856	1.0505	0.3317	1.1226	-0.0709	-0.4209	0.4	0.0804	-0.1838	1.005
1.6468	0.3612	0.2237	0.4269	0.9187	0.7917	1.1822	0.6824	0.7598	0.7224
-0.2099	0.5002	-1.1805	0.0937	-0.5848	-0.3131	-1.4157	0.2145	-0.9666	-1.021
-0.1076	1.1456	-0.7183	-0.5905	0.9048	-0.7192	-0.1115	-0.6309	0.653	0.5816
0.9514	1.6199	-0.5633	0.9875	1.7491	1.1138	-0.9487	-0.0515	-0.5204	0.3979
1.2002	0.4666	0.2436	0.534	0.2127	1.1356	1.0728	1.0962	0.1344	0.4479
-0.2076	-0.7609	-0.6243	-1.8095	-0.2897	-0.425	-0.8983	-0.3975	-0.5939	0.0764
0.5699	1.2026	0.9806	0.7261	1.3161	1.9823	1.5205	1.3532	1.4895	1.35
-0.4829	1.5925	0.5941	0.2178	-0.8582	0.6448	0.485	-0.0093	-0.2424	1.0565
0.4016	-1.0367	0.1942	-0.0996	-0.7883	-0.4444	0.2444	-0.011	1.3164	-0.4801
-0.7174	0.1478	0.078	-0.648	-0.1738	-1.9669	-1.0476	-0.4826	-0.2939	-1.7568
0.6628	1.773	2.914	1.026	1.9274	0.5804	1.4074	0.5257	0.1496	1.2103
1.5635	3.4516	1.6673	1.658	2.1699	1.1284	2.1968	1.5749	2.4987	2.19
-0.1708	-0.7581	-0.6519	1.2021	1.6326	0.5204	0.3563	0.4261	0.9325	0.2976
0.029	2.4161	-0.4281	2.4094	0.3398	0.7744	0.2786	0.159	0.1988	1.6114
-0.403	-0.8883	-0.7478	-0.0814	0.7241	-0.9341	-0.418	0.5103	-1.1665	-0.8517
-0.2125	0.0982	0.6726	-0.7296	-1.8039	-0.4185	-0.0006	-0.5947	-1.0902	-0.6608
0.9246	1.1964	1.1432	1.6182	2.6268	1.6065	-0.703	0.4287	0.1021	1.1564
-0.1074	-0.2993	0.4757	-0.9795	0.1769	0.2128	0.3674	0.5611	0.263	0.4272
-0.6299	-1.4087	-0.7337	0.2213	-1.488	-1.0609	-1.3157	-1.0247	-1.115	-1.2933
-0.6522	-0.7664	-1.0496	-0.7344	-0.4926	-0.9669	-0.2931	-0.8993	-0.9419	-0.2163
-0.9311	-0.4047	-0.4602	-0.4921	-0.3429	-1.1269	0.7482	0.2399	-0.1625	-0.6007
1.3949	2.051	0.5545	1.1087	1.6307	1.1403	0.3203	1.3785	1.1889	1.6872
0.1075	-0.5391	-1.1487	0.4761	0.054	-0.5045	0.1942	-1.3667	-0.1768	0.3496
-0.6658	0.7652	0.9522	0.7086	0.7917	0.4188	0.2818	-0.6938	1.1757	0.3918
-1.0013	-0.6002	-0.5451	-0.6555	0.3722	-0.9392	-0.1393	0.0133	1.5605	0.6958
2.522	2.1519	2.0578	2.2285	2.2471	1.6255	2.0358	1.7677	0.8193	1.4412
0.899	-0.5983	1.635	0.4053	0.4928	0.0083	0.9941	0.2909	-0.2905	0.2092
0.373	-0.4284	-0.9217	0.2772	-0.6768	-0.6966	0.8508	1.0759	-0.0769	-0.2296
0.6493	-0.6357	1.2318	-0.2048	-0.4502	0.596	1.3577	0.0458	1.5223	-0.3121
0.5569	-0.0744	-1.2055	-0.5887	0.3568	-0.7871	-0.7605	-1.8592	-1.6008	-0.0634
0.7575	0.5962	0.6611	0.0964	-0.2476	0.7357	-0.2631	0.899	-0.3319	1.326
0.6142	0.5285	0.5642	-0.2419	-0.6306	-0.2906	0.9837	-0.0619	0.4313	0.2901
-0.9194	0.5594	1.4335	0.6903	0.0023	0.5065	-0.0655	-0.3212	-0.5139	-0.2269
2.0435	1.9963	1.6173	2.6642	2.4738	0.9919	0.5572	1.1584	2.6746	0.737
-1.0001	0.6248	0.6246	0.4602	0.0002	-0.9729	-0.7262	-0.541	1.1944	0.6701
0.1537	-1.4948	0.1679	-0.6952	0.6109	-0.2815	-0.5643	-0.7936	-0.77	0.7851
-1.0841	0.4752	-0.3752	-0.2995	0.7539	-0.4136	0.1772	-0.031	-0.5759	1.0444
-0.1441	1.2331	-0.2389	-0.0024	-0.1639	-0.063	-0.3537	-0.5587	-0.2621	-0.2733
0.2021	0.4117	0.5576	1.2604	-1.6102	0.4146	0.343	-0.6535	0.8203	1.2693
-0.3964	-0.918	0.2209	-0.6437	-0.2976	0.2029	-0.3499	-0.0857	-1.2458	-0.311
-0.3231	-1.277	1.0347	-0.4059	-0.2268	-1.687	0.8102	-0.0868	1.3372	0.135
0.1408	-0.4272	-0.8207	-0.4683	-1.3018	0.1539	0.3099	0.3269	0.6186	-0.2037
-1.856	-0.8968	-0.6943	-1.1912	-0.8768	-0.938	-1.4929	-1.6217	-0.8663	-0.8555
1.5945	0.4669	0.803	0.6909	1.5251	0.0464	0.9169	-0.2748	1.1462	1.223
-0.7521	-0.4179	0.2452	-0.2236	0.4441	-0.7038	-0.0663	0.378	1.1501	0.8151
-0.0939	0.2268	-0.8458	0.2896	-0.128	-0.4284	-0.7847	-0.3678	-0.0676	0.6397
-0.7469	0.1836	-0.1694	-0.1597	-0.8896	-1.429	-1.2345	-1.4453	-1.443	-1.2704
-0.971	0.3512	-1.0255	-0.9183	0.2173	-0.8521	-0.1821	0.8282	-0.3703	-0.4591
-2.0473	-0.0032	-2.3953	-1.3349	-1.7841	-1.0508	-1.129	-1.3295	-0.7326	-1.3278
2.0582	1.2936	1.9892	1.5454	1.3425	1.5291	1.2925	0.9068	0.9428	1.432
0.0626	1.0781	0.6986	0.3272	-0.6609	1.2608	-0.1347	-0.0908	0.7262	0.622
0.3701	0.4136	0.8518	-0.9896	-0.5436	-0.6059	-0.3585	-0.9794	0.5755	-0.6167
-0.551	0.6877	1.7905	-0.6599	-0.3756	0.4458	0.2379	0.2496	0.7085	-0.3945
-0.9274	0.7907	0.92	0.3184	0.8323	-1.05	0.3712	0.7686	1.3749	-0.0469
1.7724	0.6549	1.7314	1.3743	1.77	1.7562	1.2483	1.5924	0.9951	0.5261
0.4213	-0.4285	0.0296	0.1028	0.4728	-0.8035	0.6291	-0.6212	0.9648	-1.4918
1.5563	2.4072	1.4583	1.3946	1.6432	2.0971	1.4448	0.0955	2.7965	2.8019
0.2312	0.8955	-0.3015	0.1447	0.7632	0.2692	0.6209	-0.1592	0.5532	1.1496
-1.1506	-0.8265	-0.5548	-1.2906	-2.0456	-1.4935	-1.1977	0.0714	-1.1242	-1.4011
0.8996	-0.5492	-0.4883	-0.7836	-0.9311	-0.596	-0.866	0.1919	-0.8429	0.2673
-0.9973	-0.0875	-0.5717	-0.6497	-0.2844	0.5682	-0.4626	-1.0097	-0.4036	-0.6192
0.4327	1.9914	0.9751	1.0197	1.5903	0.922	2.0335	0.8587	1.4087	2.0054
-0.7757	-1.6431	-0.757	-1.0329	-0.384	-1.2682	-0.2551	-1.0476	-1.5764	0.0332
0.8498	-0.0322	-0.0624	-0.2897	0.41	0.1059	1.083	0.7036	1.7706	1.3919
-0.1589	0.0676	-0.152	-1.3212	0.077	1.029	1.1012	-0.0288	1.3849	-0.4284
-0.0852	2.0955	0.3702	-0.6181	-0.8227	1.0709	1.7738	0.8074	0.2743	1.0032
1.0592	2.0706	1.6713	1.9783	0.6152	1.6621	0.9319	2.1924	2.0148	1.4929
-0.5251	-0.8683	-0.1401	-1.1926	-0.6427	-1.7762	-0.2018	0.1554	-1.0214	-0.8545
-1.1586	0.4476	0.707	-0.1743	1.1367	-0.6214	0.1588	-0.0642	0.5688	-0.5223
0.2234	0.5513	0.3849	0.8338	2.4061	1.5583	1.9775	0.888	0.9587	0.7604
0.533	-1.924	0.7012	0.4058	-0.0736	0.6659	-0.0659	-0.1101	-0.3744	1.4959
-0.5731	-0.9357	0.3061	0.224	-0.9453	-0.1356	0.4905	0.0048	-0.0492	0.6468
1.2524	0.5723	0.0374	0.2544	-0.8036	-0.2433	2.3775	1.1511	0.2824	1.0486
-0.8283	-0.7763	-0.2982	-0.8189	1.1084	0.0746	0.0074	0.0977	-1.5335	0.0819
-0.9109	0.1412	-0.6784	-2.4312	-0.139	-0.7915	-1.3081	-0.2871	-0.9012	-0.809
-0.3202	0.4725	0.5641	0.0622	0.972	-1.3022	1.8258	0.8141	1.6892	2.1546
0.7233	-0.1805	0.3679	0.3349	-0.7237	0.5548	-0.4997	-0.3447	-0.0197	-0.1161
-0.3143	-0.0123	0.3958	0.4127	-0.0688	-0.1838	1.2257	-0.4957	0.9856	1.2016
-0.8694	-0.4624	-2.2543	0.018	-0.434	-2.144	-0.7911	-1.5576	-1.1145	-1.0053
-0.849	0.2919	0.1054	0.0132	0.6036	-0.0909	-0.7727	0.0211	0.6639	1.1094
-1.6399	-1.0137	-1.4283	-0.9923	-0.3362	-0.5409	-0.4684	-0.9889	-0.2873	-0.653
-0.03	-0.9107	-0.1917	0.3966	-0.3357	-0.2558	1.3278	-1.1696	1.2999	-0.9841
1.5617	2.3071	0.9957	0.7705	1.2092	1.0572	1.5303	1.7585	0.5599	1.4867
-0.424	0.111	0.6642	0.6813	0.9738	0.5233	-0.9444	1.4317	0.8895	0.0869
-0.4183	-0.9057	-0.7333	-0.7307	-1.3597	-0.6576	-0.7772	0.5136	-0.53	-1.237
-1.3983	-1.5378	-0.4114	-0.5035	-0.0007	-0.8677	-0.7009	-0.6171	-0.7316	1.1433
2.6429	2.899	0.6289	3.5699	1.754	1.9397	2.6595	1.7823	1.443	1.9316
1.1403	1.2314	1.6073	-0.4183	1.8654	1.0266	-0.0096	0.2724	1.8682	2.4312
-0.0132	-0.8816	-0.7349	-0.2528	-0.4681	-0.6459	-0.6228	-1.0475	-0.9264	-0.2836
0.8904	0.1221	0.8887	-0.3881	0.759	0.2255	0.2635	0.9653	0.1677	-0.7138
0.3694	-0.8375	-0.0448	0.4671	0.0205	-0.5556	-0.3595	0.2113	0.2628	0.111
-0.019	0.0081	0.5081	1.0051	-1.0957	-0.0799	0.8374	-0.6382	-0.1504	1.1692
-0.9137	0.4354	0.0614	-0.7471	-0.376	-0.0027	-0.2023	0.4394	-0.3579	-0.6093
-0.2799	-0.9278	-0.0515	-0.9446	-0.1721	-0.0171	-0.3857	-0.5125	-0.6676	0.4486
-0.5127	-0.9718	-0.1253	0.2039	-0.3755	-0.7109	0.3377	-0.7525	-1.669	-1.1657
1.2762	0.4807	0.6356	1.0638	0.2078	0.5521	1.7423	1.5046	1.9377	1.3131
-0.5537	-0.3101	-1.5866	0.3461	-1.8243	0.4215	0.6089	-0.4867	-0.6362	-0.7261
-1.2475	-0.0818	-0.4192	-1.0554	-1.5639	0.2977	-0.0967	-0.2467	0.831	0.3118
1.7093	1.0802	0.7139	1.2289	0.1049	1.4391	0.9344	1.9428	-0.1221	1.7061
1.0528	0.4294	1.4218	1.248	0.9618	1.3191	0.6808	0.9613	0.2268	0.0517
-0.6079	-1.773	-2.0384	-0.6419	-1.4551	-2.1099	-1.4819	-1.6008	-1.4955	-2.4035
-0.5558	1.6623	0.4713	0.2336	0.0869	0.6636	-0.3523	1.2205	1.3158	0.0993
1.4605	0.3453	1.1224	1.2939	-1.0424	-0.6018	1.2289	2.599	0.7753	-0.7953
-1.6936	-0.3274	-1.13	-0.9516	-1.4963	-1.1334	-1.538	-0.6492	0.4778	-0.3196
0.7254	1.3362	-0.1023	0.5024	0.0075	0.28	-0.147	0.8995	2.8031	-0.4127
0.6818	-0.6075	-0.5333	-0.1423	-0.1174	-0.2665	0.49	1.1413	-0.57	-0.7177
-1.3984	0.0585	-0.0491	0.6623	-0.5886	-1.2485	-0.9716	-0.7127	-1.0342	-0.69
-0.0445	0.5144	0.3909	-0.3922	-0.1741	0.1303	0.0643	-0.4679	-0.9549	0.9403
-0.7568	0.2922	0.444	-0.8959	-0.3099	0.8365	0.6594	-0.031	-1.2438	-0.5669
-0.0462	0.1079	-0.0307	-0.4234	-0.2218	0.601	0.2821	0.1557	-0.8008	-0.3189
0.1241	0.4673	-0.0219	-0.4151	-0.253	-1.2118	-0.1693	-0.2039	-0.8716	-1.3011
-0.4152	-1.1859	0.0105	0.0829	-1.9571	-0.0353	-0.6855	-1.5848	-0.9614	-0.8481
-1.1224	-1.0264	-0.2774	-1.1571	-1.6325	-2.3997	-1.201	-1.1122	0.1089	-2.5123
-0.0778	-0.1829	0.2801	1.426	0.8727	0.1606	0.6946	0.7288	0.3621	0.2915
-0.1443	0.5852	-0.142	1.1983	0.2122	-0.1234	0.3965	-0.4488	1.4926	1.3044
0.3133	-0.8814	1.4772	0.4858	-0.7067	0.6006	0.4437	0.1909	0.1302	-1.5703
-0.0091	-0.4707	-0.4566	-1.0973	-0.5975	-1.7858	-0.9141	-0.6537	1.0752	-0.7594
0.025	-0.8739	-0.7547	-0.3085	-1.4311	0.9499	0.3891	-0.1945	-0.2996	-0.9127
-1.4642	-1.1688	-1.2426	-1.2184	-1.0108	-1.2399	-1.7076	-0.0682	-1.7628	-1.7729
-2.6416	-1.0629	-0.1091	-0.1458	-0.6267	-0.595	-0.1838	0.2935	-1.4565	-0.7774
-0.8752	-1.9179	-0.4044	-0.301	-2.0824	-0.958	-0.094	-1.4412	-0.86	0.4254
-1.3735	1.1808	-0.2017	0.2345	-0.5299	-1.0076	-0.6163	-0.1332	-0.7584	-0.4415
0.1747	-0.0898	-0.1192	0.6991	-1.1177	-1.1611	-1.4877	0.2176	-0.9697	-0.2386
0.0211	0.6185	-0.6028	-1.0509	0.0497	-1.1493	0.3538	-0.0369	-0.8776	-1.4517
-1.3454	-1.6599	-0.3367	-0.5494	-0.5952	0.2763	0.3799	-0.2844	0.2241	1.0059
-0.7432	-0.4924	-0.2729	-0.3686	-2.208	-1.4133	-0.3311	-0.7733	-1.393	-0.3778
0.6188	0.1425	-0.4812	0.9382	-0.9885	0.144	0.8278	0.1019	-0.7425	0.1888
1.4549	-0.1588	0.0349	0.6731	1.0604	2.1631	0.4824	1.1049	-0.102	1.2307
0.0328	0.009	-0.1891	-0.5855	0.4613	0.0912	0.2679	-0.0641	-0.8394	-1.2827
0.185	0.4435	-0.0698	-0.2315	-0.1826	-1.0458	-0.0051	0.7078	0.4257	-0.5414
0.8881	1.5219	0.5647	1.0278	1.1079	0.2563	0.6966	0.8765	0.1029	0.754
-0.4243	-0.3111	-0.764	-0.5239	-0.392	-1.4471	-0.2466	-1.0596	0.0436	0.6765
-0.1692	-1.402	-1.2377	-0.6475	0.5343	-0.1364	-0.4276	0.7012	0.3063	0.004
-0.8347	-0.4058	-1.2673	-1.4343	-0.0619	-1.742	-0.5163	-2.5917	-0.5614	-0.5169
-0.5963	-0.9025	0.1469	-1.3382	-0.1536	-2.0439	-0.4873	-0.8774	-2.3722	-0.0843
-0.3351	-0.8188	-2.1875	-0.8668	-0.2648	0.1745	0.0471	0.0019	-1.4215	-0.9241
1.4468	1.6075	2.6522	0.0208	0.679	1.4261	2.2247	1.1467	1.3894	1.7483
0.0398	1.1896	0.5683	0.3097	0.0213	1.0287	1.6342	-0.1101	-0.7052	1.3384
0.8636	1.2366	-0.3775	-1.5101	0.8784	0.3213	0.9416	0.4098	-0.0731	0.408
-0.6631	-1.257	-1.9828	-0.9688	-2.1869	-0.4998	-0.1806	-1.9517	-0.7425	-0.0161
1.3342	1.7248	1.444	1.1001	1.2833	0.8852	2.2554	1.5017	2.0526	1.9122
0.2443	0.6901	0.5334	0.5691	0.7267	-1.3022	1.333	0.2599	0.9701	-0.0686
-1.7546	-1.2513	0.3617	-0.6402	-1.0779	-0.391	-0.0116	-0.2513	-1.1699	-0.4632
-0.8365	-1.3488	-0.6756	-0.6169	-0.4199	-1.0713	-0.7212	0.3326	-1.3133	-1.652
-0.7363	0.0387	-0.4922	-0.0835	-0.3249	-0.8031	-0.1709	-0.8662	-0.0913	0.3147
-0.495	-1.0706	0.0504	0.0625	0.8806	-0.7459	0.8411	0.4829	-0.8071	0.4433
0.043	1.1503	0.3666	0.1328	0.7776	1.4347	0.6512	0.4685	-0.4159	0.472
-0.9357	0.0375	0.4546	-2.1442	-0.4437	-1.9243	-0.39	-0.0143	0.34	-1.1691
0.2228	-0.063	-0.1587	-0.5993	-0.1769	0.8131	-0.0833	-0.168	-0.8952	0.2883
-0.8963	-1.8089	-0.3878	0.8509	-0.2317	-0.6008	-1.6263	-0.3136	0.3639	-0.81
0.6934	1.3084	0.0722	0.2442	0.8714	-0.0669	1.1553	1.3057	0.6567	0.7368
-0.996	-0.5768	-0.9279	0.9067	0.1044	0.5998	0.9691	-0.7458	-0.9235	-1.5175
-0.6474	-0.8261	0.1143	0.4673	-2.0695	-0.6563	-1.1055	0.4538	1.5699	-0.4607
-0.1735	0.4223	0.3039	1.1933	1.1371	0.4247	0.4066	-0.0271	0.2819	0.415
-0.1702	-0.1526	0.5771	-0.873	0.7814	-0.7896	-0.1812	-0.5609	0.6615	-0.1638
0.3992	-0.0455	1.6022	-0.2973	0.0831	0.296	0.5205	-0.3313	0.3188	0.2922
1.5325	0.8588	0.9124	1.2529	1.5008	1.1668	1.4868	1.2706	1.1176	0.8343
0.5231	-0.0022	1.1233	-0.1781	1.2126	0.0759	0.6865	2.1077	-0.0823	0.4644
-0.1537	-0.3708	1.1981	0.4721	0.9817	0.8003	1.0207	0.7511	0.6437	0.7991
-0.7842	-0.4998	-0.1424	0.4152	-0.8084	-0.6615	0.1023	-0.711	0.4825	0.6991
-0.2581	0.0411	0.7955	-0.2994	0.5792	0.0202	-0.8341	-0.9812	0.33	0.367
0.7768	0.7872	1.3813	0.2065	0.1669	0.956	-0.5142	0.4907	1.3745	-0.7276
2.4173	3.0189	2.3446	1.094	1.4961	1.8334	2.2475	0.7787	1.5743	2.9133
0.0079	-0.7766	-1.6201	-0.3896	-0.2896	-0.944	0.2052	-1.0198	0.5554	-0.4294
0.6463	2.514	2.3594	1.3997	0.9	0.6378	0.5461	0.519	0.8536	1.0212
0.7672	0.134	0.4544	0.9217	-0.2582	-0.5353	0.806	0.9165	0.5239	0.4488
2.3688	0.2357	-0.8028	-1.5153	0.3749	-0.0384	0.8358	-0.5961	-0.0178	-1.0218
-0.535	0.235	-0.9401	-1.3853	-1.6696	-2.7275	-0.9654	0.2206	-1.8103	-1.0287
-0.4409	0.6439	0.8033	0.4569	0.3792	-0.7672	0.5988	1.365	-0.6032	-0.0166
-0.5495	-1.7422	-0.5579	-0.0255	-0.7503	-1.5469	-0.9124	-0.9036	-2.2449	-0.9562
-1.9184	-1.9396	-1.2774	0.3371	-1.1835	-2.2181	-1.7385	-1.1702	-0.0626	-1.0288
-0.7508	1.4353	-0.5454	-0.6171	-0.3014	0.7801	-0.2542	1.024	-0.0329	0.664
-1.2684	-0.5428	-0.379	-2.1011	-2.2631	-0.9954	0.6456	0.1808	-1.1352	-2.1294
0.8271	2.412	2.3624	1.8035	1.1569	2.7858	1.1073	2.3003	1.6035	1.4109
-0.1091	-0.0602	0.564	0.7209	-0.298	1.6032	0.2293	0.6775	0.2344	-0.9599
0.467	-0.2099	-0.2378	-0.8031	-1.1601	-0.4698	-0.1028	0.4037	0.3026	-0.0482
-0.4216	0.1885	-0.2943	0.707	-1.3184	-0.0376	-0.1904	0.2687	-0.1546	-0.1505
1.7697	1.2345	1.1147	0.2255	0.455	1.3632	1.4858	1.8011	1.5732	0.2041
-0.876	-1.5424	-1.5634	-1.1881	-1.4014	-1.9179	-2.2475	-0.4257	-2.0124	-2.0507
2.3856	0.752	1.6546	0.5135	-0.1245	0.1141	0.9125	1.2608	1.0682	1.491
-0.7441	-0.0924	0.0502	0.7283	0.461	-1.0911	-0.3939	0.3501	-0.25	0.6623
-0.883	-0.2063	0.486	-0.7857	0.4615	-0.7749	0.4698	-1.4519	-1.1099	0.6744
0.0867	0.3997	1.2215	1.8389	-0.4487	0.9833	0.5692	0.9562	0.8181	0.6889
0.5947	0.1574	-0.2201	-0.5846	-0.3659	0.1245	0.7009	-0.1945	-0.7078	-0.2299
1.0019	0.7782	1.8031	1.0006	1.2782	0.4943	1.4694	-0.0784	0.2774	0.5891
1.095	0.6477	0.6118	0.4719	0.5256	-0.103	1.9712	1.0567	0.3151	0.4919
0.1924	-0.3006	0.8119	0.6965	0.1179	-0.2157	0.3539	0.8354	1.0149	1.1488
0.6136	0.7886	0.0869	2.0649	0.7921	1.7486	0.3045	-0.1622	0.0425	0.3005
-0.7075	0.0658	-0.148	-0.9003	0.1239	-2.0114	0.5522	-0.5931	0.0302	0.4179
0.3437	1.2013	0.4752	-0.551	-0.2277	1.0978	-0.0538	-1.7591	0.2938	-0.8162
1.0559	1.0967	2.3858	-0.6273	1.1818	1.0999	1.4779	0.9279	1.3663	0.95
-0.3648	1.964	-0.4127	0.5967	0.7211	1.8627	-0.0868	1.0777	1.0367	0.4001
0.8375	-0.7435	-0.2165	-1.3667	0.7134	-2.3969	-0.229	-1.2533	-0.4503	-1.4654
-0.8166	-0.3382	-0.2016	-1.2367	1.0097	0.7163	0.1845	0.228	-0.027	-1.648
-0.6584	0.1256	-0.4301	-0.6148	-1.0756	0.101	-0.7392	0.0653	-0.475	-0.8857
-1.2717	-2.8554	-1.426	0.1354	-1.9949	-1.9565	-1.8106	-1.9581	-1.7693	-2.145
-1.121	-1.5528	-0.5547	-1.3682	-1.4384	-2.3335	-0.361	-0.7994	-0.5103	-0.8626
-0.0567	0.8042	-0.3941	0.3392	0.6842	-0.2074	-0.3334	0.0215	1.1115	0.5173
-1.5508	-0.1128	-0.14	-0.7016	-0.0131	0.271	-1.1927	-0.2155	-0.4401	1.061
0.8914	-0.0559	-0.0948	-0.4685	0.3732	1.8242	1.8884	-0.7928	0.0751	-0.0222
0.0074	0.9041	0.6626	1.261	-0.0007	0.313	0.0037	0.5803	0.1425	-0.4958
-0.5292	-1.197	0.0069	-1.2246	-0.1169	-0.3552	-0.7125	-1.2523	-0.5249	-2.0445
1.3448	0.6829	0.2915	0.764	-0.332	1.5827	0.241	0.9708	1.0982	0.3943
-0.5489	0.8206	-1.0821	-0.8633	-0.1159	-0.5099	-0.3316	-1.4236	0.0078	0.6844
0.3999	0.4417	-0.2422	-0.0426	0.6937	0.5058	1.5415	-0.6419	0.2953	1.4498
-0.3122	-0.5747	0.686	0.9055	1.1213	0.1501	0.1797	0.4011	-0.5552	0.9533
0.6217	0.2825	0.4526	0.2088	0.6517	0.5311	0.1585	-0.1269	2.0476	-0.0841
-0.2126	-1.1201	0.5846	-1.0907	0.0341	-0.8161	0.2128	0.8909	0.7523	-1.1972
0.3551	0.8068	0.3707	0.4795	-0.5178	0.5647	1.2331	-0.3489	-0.2224	1.0495
1.8896	1.305	3.225	-0.1842	1.1895	1.4371	0.234	0.3543	1.1693	1.2941
-0.7646	-1.7858	-1.2239	-1.6233	-0.1785	-1.7964	-0.7798	-1.5092	0.4216	0.0005
-0.3938	0.1522	-0.0479	0.1189	0.4948	0.0587	0.0821	-0.2245	0.6712	-0.8163
0.4235	0.8929	0.4801	1.5738	0.5404	0.6801	0.6795	0.0396	1.1559	1.5675
-0.2693	-0.9806	-1.2815	0.9929	-0.3525	-0.227	0.1666	-1.253	0.6514	0.101
0.754	0.6453	0.289	0.8538	0.0353	0.8279	0.1304	1.3331	0.117	1.3759
2.7655	0.5533	0.06	0.3034	1.4604	2.6595	1.3652	0.8616	1.1995	-0.5302
-0.5777	-1.3988	-0.5101	0.5902	-0.4722	-1.0056	-0.4341	-0.582	0.2224	0.6091
0.0375	0.9853	-0.4986	-0.9525	-0.1532	-1.2983	0.1083	-0.7107	-0.4872	-1.3936
2.0087	1.9853	1.775	3.5221	2.2398	2.2774	1.6906	2.3141	3.1951	3.1857
0.2382	1.945	1.2088	1.4743	1.9663	1.1717	1.943	2.8527	1.1393	1.8439
0.5009	-0.9266	-0.0457	-0.0887	-0.3568	-0.5873	0.5051	0.8233	1.5076	0.0495
-1.3601	-1.1513	-1.1155	-1.196	-1.0093	-0.8744	-0.2652	-0.5068	-0.019	1.0877
0.3903	-0.0747	-0.3717	0.6098	0.3902	1.1312	-0.2381	-0.7824	0.479	1.1184
-1.2223	-0.777	-2.1546	-0.2873	-0.4673	-0.88	0.3877	-1.3505	-1.0096	-0.6922
-0.8916	-0.1919	0.1242	0.1269	0.6464	-0.4026	-0.3481	0.3378	0.055	-0.2993
0.4735	-0.1368	0.9367	-0.2514	1.0008	-1.293	0.1808	1.0947	-0.489	-0.8374
0.493	0.6312	0.5502	1.109	1.7864	0.8888	1.5968	0.5175	-0.1349	1.3923
-0.4947	-1.1036	-1.0559	-1.5289	-1.112	-0.6885	-0.4603	-0.7171	-1.3228	-0.1124
-1.2536	-0.2341	0.398	-1.0734	-0.3479	-0.4206	-0.9232	0.742	-0.0045	0.9954
-0.8755	0.2611	-2.4442	-1.333	-1.3553	-1.0007	-0.3974	-1.5561	-0.6966	-1.6071
0.5451	1.0158	1.427	0.967	-0.2987	-0.2374	0.2115	-0.0955	-0.6357	0.554
-0.188	0.5654	0.0745	0.5587	-0.6497	-0.7518	-0.4616	-0.1323	0.6434	-0.5256
0.2178	-0.7986	-0.59	-0.9182	1.1498	0.3042	-0.6036	1.1382	0.0798	-0.101
-0.3399	-0.4571	1.4912	0.8288	-0.6193	0.2147	-0.1562	-0.1052	-0.0239	-0.228
0.9805	-0.0376	-0.6132	-1.6333	-1.0295	-0.321	-0.7666	-0.5141	-1.4638	0.3147
1.146	-0.008	1.1135	1.8927	-0.1885	0.3144	1.5078	1.767	0.5257	0.4907
0.8497	2.1219	1.4909	1.4019	1.8982	0.7713	1.7465	0.6563	1.375	1.1455
1.0838	0.3922	1.7278	0.8063	0.0875	1.2996	0.8393	0.0678	1.8222	-0.4417
0.8763	0.9148	-0.2234	1.3533	0.1814	0.0889	0.2775	0.1915	0.572	1.3235
0.5436	0.847	1.4227	-0.0609	0.4918	-0.1977	-0.1747	1.3614	0.6331	-1.6255
-0.9501	-1.4731	-1.0674	-0.977	-0.9229	-0.6528	-0.7219	-0.7069	-1.4971	-1.2616
0.0672	-0.243	0.6108	0.7007	0.3176	0.2398	0.9098	0.1796	0.145	-0.3779
0.285	0.2204	-0.6924	1.4302	-0.2569	0.2314	0.4573	0.3016	-0.7608	-1.0058
-1.8892	-0.4136	-0.0028	-0.9431	-0.4085	0.2423	1.4908	0.261	-0.3199	-0.3733
0.0574	0.7376	0.5394	0.0882	0.5682	0.3279	0.6907	1.5601	-0.0896	-0.7526
3.5532	2.4949	1.148	1.3358	1.0827	0.7035	2.9747	1.4156	2.173	1.2641
2.9672	0.7907	0.1534	0.7168	0.004	-0.4612	0.5462	2.198	0.5572	0.1458
-0.9872	0.1278	-0.834	1.1758	-0.8338	0.5069	-0.0733	-0.67	0.8799	-0.5167
-1.2169	-1.3977	-1.8783	-1.2105	0.3268	-1.0132	-0.7689	-0.3036	-0.4825	0.4063
1.0866	1.8658	0.107	1.0032	-0.1242	-0.7664	-0.0215	0.8264	-0.673	1.5136
-0.616	0.1432	0.1168	-0.1497	0.925	-0.3962	-0.3813	-0.3145	-1.2524	0.3703
1.0508	-0.447	0.1569	0.1911	0.0621	0.5117	0.2629	-0.5206	0.7176	2.4261
-1.2767	1.429	-1.4253	-0.0737	0.2658	0.412	-0.8773	0.9013	-0.7826	0.5204
-1.5624	-1.0059	-0.7297	-0.3338	-1.597	-0.3015	-0.6633	-0.091	-2.0084	-1.032
1.3941	0.2775	-0.5663	1.2062	0.6307	0.485	1.3473	0.417	1.4392	0.3943
-0.1514	0.6533	-1.6702	-0.0435	-2.4398	-1.4615	-0.4285	-1.0543	-0.2255	-0.3436
-0.9308	-0.7289	-1.5904	-0.7535	-0.3123	0.092	-1.5323	-0.6775	-0.0959	0.3478
-0.1443	-0.8131	-0.5969	-0.2431	-0.4258	-1.009	0.2296	-0.3238	-0.107	-0.3287
0.5607	-0.9428	-0.3375	1.51	0.0688	0.9645	2.6227	1.4541	2.188	1.4308
-0.5076	-0.7799	-0.9211	0.7311	1.8255	-0.0205	0.7673	0.1613	0.5277	2.1043
0.9506	0.9405	0.4339	0.4188	0.4261	1.2021	1.3113	0.7741	1.907	2.3974
0.9952	0.186	1.2793	0.2401	0.6983	0.6023	1.6129	0.7846	1.036	1.7526
-0.7482	-0.3218	-0.069	-0.1727	-0.2972	-0.4001	-0.5297	-1.5829	-0.6179	0.9413
-0.7366	-0.7348	0.1327	-1.3244	0.2295	-0.0871	-0.9744	-1.0835	-0.4789	-0.6862
1.8336	1.8484	1.9801	1.7207	1.1377	1.19	0.8621	1.0031	1.1178	0.5608
-1.0127	0.437	0.7185	0.3521	0.6328	0.7771	0.5058	0.6621	0.3233	1.1569
-1.529	-1.6101	-1.1598	-1.839	-0.7054	-1.7174	-0.9637	-1.6766	-1.7855	-0.9179
-0.8493	0.666	-0.6213	0.7586	0.7535	0.7726	0.2313	0.4725	1.0799	0.4575
-1.0387	-0.2281	0.4223	-0.3351	-0.3964	0.4584	-0.416	0.3286	-1.2096	-0.421
0.9942	-0.8282	1.4365	-0.7517	0.0311	0.5131	-0.8046	-0.309	0.1861	0.556
0.4913	-0.5834	0.4396	-0.5408	-1.4904	-1.2285	-0.2834	-0.03	-0.432	1.023
-1.3393	-1.7809	-2.0115	-0.3011	-1.9547	-2.1068	-1.2908	-0.8458	-1.139	-0.7201
1.581	1.5793	0.64	0.5106	0.8535	0.2072	-1.4112	-0.5358	-0.1628	0.903
0.7316	-0.822	0.0541	1.1576	-0.8499	-0.4673	-0.6236	-0.1707	1.0687	-0.8584
-1.8436	-2.3781	0.4918	-0.3345	-0.0924	-3.131	0.5403	-1.393	-0.2865	-1.3807
0.695	2.3316	-0.3592	0.4039	1.1634	2.4556	1.6091	2.1431	0.2388	1.716
-0.2043	-0.1897	0.2885	-0.0151	1.0233	0.1431	-0.2462	0.3542	0.7225	-0.5064
-0.6114	-1.9231	-0.1808	0.0995	-0.237	-0.6718	0.6466	-0.2286	-1.3457	-0.751
-1.2449	-1.1313	-1.003	-1.2056	-1.2884	-1.0207	-1.8475	0.0339	0.1377	-0.2271
-0.3821	-0.2507	-0.5309	0.0329	-0.2048	-1.1782	-0.263	-1.4541	-1.6195	-0.7932
-0.0295	-0.7432	-0.9515	0.1395	0.3435	-0.3662	1.1024	-0.025	0.4544	-1.1821
0.9436	0.3616	2.1202	0.2277	0.6651	1.9732	0.5673	-0.0594	1.4682	0.34
-0.4275	-0.6729	0.032	0.3954	-0.2863	-0.0815	-0.4364	-0.1108	-0.3179	-0.6682
-0.2058	0.8304	0.6864	0.7096	0.6524	1.4527	0.9483	-0.4425	0.3869	0.3499
-0.1359	0.1994	0.3646	-1.5899	0.324	-0.9093	-0.7052	-1.0216	-0.5241	-0.8323
1.033	0.2705	1.8562	0.9992	0.7004	0.1742	1.0887	0.8427	2.0955	0.484
-0.319	-0.8017	-1.0569	-0.9041	-1.1305	-0.0672	-0.0292	-1.1816	-1.2311	-0.7361
-1.1504	-1.4453	-0.7373	-1.4257	-1.0951	-1.0133	-1.8829	-0.3271	-1.1906	-0.7582
-0.0624	0.5723	0.1027	0.9443	0.9516	1.1715	-0.1353	1.0248	0.6948	0.8165
0.4566	0.97	0.8051	1.0771	2.1892	0.8202	0.3342	-0.42	-0.3442	0.9952
1.0977	0.294	0.6831	1.1112	1.3808	2.0172	1.0212	0.7515	1.4304	2.7355
-1.0458	0.7549	-0.3109	0.0184	-0.2962	0.2192	0.8003	0.273	0.8246	-0.1113
1.0033	0.2254	1.5757	1.9228	2.0845	3.2157	1.1216	0.6835	0.1007	0.2971
-0.7043	-0.3761	0.2497	-0.3758	-0.0278	-0.921	0.1958	-0.2502	-0.7142	-0.3697
0.5477	0.6386	0.0037	-0.9343	-0.814	0.1722	-0.3789	-1.0358	-1.9006	-1.8458
0.8178	0.0017	0.3239	-0.4727	-0.5495	-1.1803	0.1139	0.2105	0.6463	0.4184
0.2457	-1.3847	1.2207	-0.0504	-0.0223	-0.3793	-0.3255	0.1521	0.4772	-0.0497
-1.3022	-0.1872	-0.2393	-0.1968	-1.01	-2.1825	-1.4384	-0.8712	0.5252	-0.5308
-0.7067	-0.1722	-0.0717	-0.6506	0.1773	-0.9082	-1.2397	0.6911	-1.4996	-0.6032
-1.1095	-0.8273	-1.2496	-1.471	0.3201	0.9067	0.5668	-0.9976	-0.8451	-1.129
0.6793	0.166	1.0694	0.5645	0.3442	-0.2006	-1.1411	0.4334	0.2694	0.8904
-0.2454	-1.4752	-0.6703	-1.157	-1.1514	-0.6702	-0.3702	-1.031	-0.4437	-2.15
-1.3067	-0.5074	0.6139	-1.3215	-0.4313	-1.4826	-0.8197	0.2576	-1.9656	0.5901
-0.7015	-0.8657	-0.4591	-0.9533	0.5497	-0.5707	-0.9555	-1.7294	-1.8257	-0.4062
1.2449	1.2585	0.0979	0.0238	0.0459	-0.0334	1.1981	-1.4794	-0.835	0.3879
-0.1546	-1.3166	-1.9734	-0.7722	-1.1286	-1.3353	-0.9357	-1.6128	-0.9412	-1.3102
-0.467	0.0918	-0.0514	-0.1242	0.164	0.101	0.1183	0.2033	-0.5752	1.3287
0.3017	-0.4538	0.5837	2.0415	1.2406	-0.0629	-0.2549	1.5508	0.2772	0.5158
-0.5546	-0.4171	0.1903	0.8043	1.219	-0.0058	-1.7459	0.0091	-0.9606	-1.5569
-0.4344	0.2395	0.3729	0.431	1.3356	-0.9422	0.5643	-0.4618	-0.3992	-0.1256
-0.2858	-1.973	-1.1242	0.073	-1.2529	-1.1369	0.0456	-0.5547	-1.3942	-0.5829
-0.2054	-1.7898	-0.2121	-1.7957	-0.2066	-0.891	0.4773	-0.1526	-0.1923	-1.9572
0.4134	0.6479	-1.0801	0.7955	0.9804	0.0419	0.2679	0.1853	0.8406	-0.4369
-0.113	0.6288	0.2693	0.6668	-0.1576	0.1515	0.0906	0.7865	1.0071	-1.2397
0.2011	-0.554	-0.5436	-1.0875	-0.484	-0.368	-1.0396	-0.8238	-0.2933	-0.3325
0.3259	-0.3806	-0.4692	-0.9814	-2.1285	-1.3962	-2.0619	-0.5293	-0.1967	-0.7933
0.5927	0.519	1.3533	-0.5325	0.6663	0.6631	0.1858	-0.2406	1.1756	0.9385
1.2595	1.9302	0.2537	0.5478	1.0057	1.0315	0.3356	-0.6263	0.9952	-0.1978
0.2447	-0.4515	-0.18	-0.5288	-0.3179	-0.9115	-1.7861	0.0669	-0.4634	-0.4372
0.525	0.0431	0.8204	-0.4198	0.3397	0.0958	-0.0923	-0.5022	0.0877	1.2315
-2.1085	-1.511	-0.4053	-0.7498	-0.923	-0.9849	-0.4726	-0.6854	-0.9901	-1.588
-0.1844	0.3577	-1.0675	-0.3957	-0.2967	0.4657	0.0225	-0.1861	-0.2626	-0.8612
0.7027	0.446	0.2414	-0.1078	1.0785	0.0918	-0.1455	-0.3207	-1.1081	0.7166
-0.597	-0.3713	-0.2877	-0.2432	-1.3221	-0.813	-0.5483	0.4568	-2.1147	-0.0829
0.7636	-0.0603	1.3372	-0.6458	1.6141	1.0966	0.3004	0.567	1.0627	-0.6321
-0.6253	0.0709	0.7564	0.18	0.6681	-0.0974	0.6792	-0.3814	0.4206	0.5591
-0.2681	0.0086	0.2988	0.2419	0.8342	0.2693	-1.4889	0.4094	-0.4025	-1.022
-1.5188	-0.6036	0.4046	-0.4667	1.1056	0.4968	0.8459	-0.4768	0.2651	-0.5071
0.8997	0.1036	-0.1465	0.4432	0.3343	-0.2473	-0.6442	1.4944	0.2707	-0.5298
0.5026	-0.1235	0.8771	1.1719	-0.5473	1.5643	0.1764	-0.5714	0.9478	0.3407
-0.8051	-0.006	-0.9184	-0.417	0.4223	-0.4433	-0.0406	0.0524	-0.7261	-0.655
0.7653	-0.4983	-0.9751	-1.3951	-0.4742	-0.3115	0.1076	-0.935	0.1437	-0.3681
0.7521	1.6182	1.6827	0.1946	0.3404	0.3081	1.6001	1.6041	2.0379	1.3467
-0.0531	0.2337	-1.0564	0.4769	0.1739	-0.4573	0.5671	-0.4035	0.4878	0.6918
1.3063	2.1975	0.1931	1.8132	0.7836	-0.2701	1.0862	-0.4617	-0.0131	0.2479
-0.8494	0.833	-0.4153	0.544	-1.4989	-1.2988	-0.2102	-0.0095	-0.5247	0.352
-0.42	-0.3176	-0.4401	0.4087	-0.3421	-1.0529	0.8454	-0.4171	-0.3205	-0.0698
1.2325	0.4721	0.4033	0.4741	0.6761	1.0667	1.0177	1.661	1.7828	0.2659
0.1046	-0.0812	0.5596	0.1623	0.109	0.5981	-0.2637	1.0013	0.4939	0.2919
0.5389	-0.0791	0.6954	-0.7248	-1.0921	-1.8885	0.7846	-0.4745	-0.2741	-1.0789
-1.7148	-1.0945	0.7395	0.9972	-1.6206	-0.8504	-0.7297	-1.0853	-0.1447	-0.9175
-0.0394	0.9964	-1.1496	0.0243	-0.3858	0.8184	1.416	0.2898	0.7273	-0.4675
0.0689	0.3183	-0.3221	-1.4157	-1.0696	0.9244	-0.1195	0.2255	-0.1242	-0.14
-0.1583	0.1909	0.6416	-0.7035	-0.2774	0.5324	-0.4088	0.2734	0.7624	-0.9337
0.6379	0.6461	1.0709	-0.4405	0.8788	1.4918	1.5744	0.6619	0.4444	1.3937
-0.6237	-0.4986	-0.1522	-0.0496	1.1873	0.4754	-0.4617	-0.1505	-0.9722	0.6254
0.1211	0.6283	-0.2587	0.581	-0.161	0.477	-0.32	0.5225	-0.2065	-0.0413
1.8589	0.7048	1.5077	0.3196	2.0878	1.3218	0.3538	1.0673	0.9523	0.962
-0.431	0.1047	0.2577	0.2125	1.1046	-0.3368	-0.2131	-0.6373	-0.1434	2.1578
0.3053	-1.3346	-0.4917	0.6549	0.7206	0.5399	-0.8289	-0.7634	-0.8311	0.3307
0.7598	2.0714	1.4901	1.0375	1.1633	1.3753	0.0282	0.7911	0.4216	0.0778
-0.4876	-0.4287	0.1874	0.4221	0.3576	-0.4994	0.479	0.0184	0.7833	-1.0351
0.7102	1.1308	1.5252	1.5568	1.5027	1.2634	1.7459	2.2631	2.5736	1.2821
-0.7023	0.1945	-0.2469	0.0442	0.2443	-0.6075	-0.1367	0.2423	0.1682	1.7317
1.3586	0.9934	-0.0855	2.0399	1.8827	1.3017	1.3247	0.9911	1.4397	1.3682
-1.2928	-0.2763	-0.3543	0.1617	-1.059	-0.9605	-1.8315	-1.1992	-0.8583	-1.3089
0.4516	0.4473	-0.1074	-0.471	-0.6768	-0.4784	0.1845	-0.5315	-0.6958	1.083
1.5814	-0.2448	1.4292	0.717	-0.1404	0.8008	0.2503	0.2617	-0.4403	0.9319
-0.0393	-0.0079	-0.9064	-1.6001	-0.2526	-1.748	0.003	-0.7123	-0.5555	-1.4137
-0.5693	-1.0918	-0.5932	-1.9956	-0.5878	0.0708	-0.7784	-1.0472	0.3871	-0.4955
-0.4115	-1.3786	-0.5819	-1.812	0.6544	-1.416	-0.8954	-0.592	-0.4801	0.8563
-0.149	-0.311	-0.6648	0.9598	0.052	-1.7234	-1.1023	-1.6125	-1.0779	-0.2374
-1.3934	-0.7398	-1.917	-2.078	-1.1697	-0.9542	-0.7864	-0.0711	0.4824	-0.5325
-1.5674	0.0528	-0.2131	0.0064	-0.9852	-0.8715	-1.3371	-0.7491	-0.7801	-0.9612
-0.7621	0.801	-0.8959	-1.0636	-0.5157	0.0879	-0.6724	-0.6353	0.6763	-0.8431
-1.0363	-2.3633	0.3053	-0.2163	-2.357	-0.7443	-0.709	-1.6856	-1.1408	-0.9648
0.4086	-0.3399	-0.1934	-0.4142	-0.2786	0.0862	0.5276	-0.3243	0.8083	0.9985
0.9319	-0.0313	0.9085	-0.4794	0.2233	-0.0437	0.0635	-0.3324	0.4917	-0.9596
0.2553	0.6346	0.7317	-1.1569	-1.5599	-0.2401	-0.9742	-0.7464	0.3909	-0.4901
0.7105	0.1356	0.4576	0.3503	0.3295	-0.7959	1.0513	0.7003	1.0722	1.1405
-0.4742	0.2263	-0.0321	-0.7918	1.065	-1.3072	0.5077	1.0106	-0.4556	0.0375
-1.0581	-1.3001	0.5361	0.6615	0.1394	-0.6092	0.3059	-0.0683	-0.008	-0.8731
-0.9727	-1.1374	-0.5598	-1.5229	-1.2402	-0.8425	-0.4468	-0.6258	-0.7537	-0.8905
-1.0237	-1.5846	-0.5002	-2.1404	0.6017	-1.4712	-0.5781	-1.4465	-1.1445	-1.3649
0.3107	0.0061	-0.983	0.766	0.1625	0.6459	0.8016	-1.0941	0.493	-0.7974
0.3486	-2.2977	-0.805	1.1674	-1.1874	0.6241	0.122	-1.2298	-0.9765	0.1383
-0.6332	-0.9108	-0.0915	-0.5625	-1.3231	0.106	-1.159	0.0123	0.1119	-1.6457
-1.7334	0.1637	0.8049	0.7614	0.5613	0.9905	0.489	0.9628	0.4004	1.4776
2.2329	1.3281	1.456	1.2231	2.7546	1.5665	1.2183	2.8144	0.5482	0.9009
-1.3336	-0.5627	1.138	-1.3569	0.1434	-0.2429	0.402	-0.4222	2.629	1.2387
0.418	0.8674	2.2721	-0.017	1.6209	0.6508	0.4486	2.1379	0.4128	1.0451
-0.0127	0.4109	1.21	-0.471	0.3181	-0.4178	-0.7541	0.6603	1.0729	0.2132
-1.082	-1.7992	-1.0806	-0.4679	-1.6576	-2.3934	-2.3935	-2.0016	-1.5101	-1.2328
0.5219	-0.3467	-0.4065	0.5252	1.3485	-0.0831	-0.0405	0.0108	0.7145	0.1216
0.6178	-0.8071	-0.4468	-1.271	-0.8537	0.5038	-1.1593	-1.0928	-1.2931	-0.1758
1.6056	1.8456	-0.6907	0.267	1.8161	2.8088	1.2199	2.3557	1.5121	0.7231
-1.2666	-1.9419	-0.5863	-0.3956	-1.5301	-0.2517	-0.3395	0.1621	-0.5737	-0.5987
1.127	1.5021	0.7935	1.2917	0.5935	0.5709	0.1368	1.4162	0.5107	0.8208
-0.1467	0.3562	-0.2049	0.519	-0.8542	-0.1946	-0.8071	-2.2315	-0.7983	-1.0116
-0.1382	-1.5089	-1.6481	-1.0778	-0.713	0.1678	-2.7847	-1.7406	0.1968	-2.5442
0.6753	0.3264	-0.9324	0.9082	-0.2329	-0.3155	-0.9288	1.0949	0.0048	0.7216
0.4421	1.0858	0.865	1.4681	0.7927	0.9663	1.8492	1.2155	0.8114	0.5514
1.2541	0.649	0.5964	0.8373	1.4901	0.3117	0.6226	0.2692	0.7063	-0.2587
2.6207	1.6869	1.3232	2.0129	1.7367	1.8882	0.9533	1.6691	1.0048	1.4882
-3.0332	-1.7688	-2.3313	-3.2362	-2.614	-2.3703	-2.1528	-3.4985	-3.2204	-1.9687
0.5902	-0.2501	0.6242	-0.386	0.046	0.2335	-0.0028	-0.1315	-0.6255	-0.6023
-0.4616	1.0657	-0.6624	0.9997	0.6758	0.1202	1.5156	0.6069	1.7732	2.1803
0.7482	0.0587	0.278	1.0606	0.3048	0.8626	0.0167	0.8142	-0.4474	0.2245
-1.1246	0.6638	0.6639	0.2581	-0.9461	-0.7615	-1.6778	0.2604	0.5528	-0.3615
-0.7261	-1.4882	-1.0633	-1.5259	-0.9356	-0.3232	-0.725	-1.5296	-1.4708	-1.025
0.0782	-0.8826	0.7603	0.2819	0.4972	0.3643	-0.3152	1.1875	-0.531	0.2024
0.7004	-1.0549	-0.919	-0.0023	-0.6697	-0.2829	0.5353	-0.1015	0.5396	-1.0143
-2.3494	-1.3171	-3.0604	-1.6163	-1.9332	-2.4738	-1.6717	-2.4746	-0.3128	-2.4149
0.2488	-0.634	-1.9299	-1.7929	-1.2691	-0.2701	-1.3195	-0.3976	0.4547	0.6213
-1.5721	-0.362	0.3956	-1.3595	-0.4023	-1.2012	-0.1177	-1.0801	-1.834	-1.6546
-0.4243	0.4183	-0.3869	-0.7684	-0.4167	1.2728	-0.3752	0.4155	0.3632	0.1491
-0.9093	-1.6994	-1.8098	-1.4547	-1.433	-1.5735	-2.5659	-0.8838	-1.5658	-2.6331
-0.9453	-0.6642	-1.1298	-2.1216	-0.3396	-1.1761	-1.5665	-1.4648	-1.8939	-1.4491
-0.8766	-0.6709	-1.4687	-0.6061	-0.8748	-1.5723	-0.1514	-1.3863	-1.159	-1.4211
1.8391	1.1144	0.5637	-0.3079	1.8249	0.5972	2.0927	1.064	1.6144	1.0307
0.023	0.136	-0.078	-0.3541	0.5012	-0.5248	0.5157	0.2108	0.1164	0.8888
0.3585	-0.054	1.6972	-0.0338	0.2277	1.4379	0.9964	1.7448	1.0074	-0.0309
0.1503	1.911	1.5008	0.9118	0.871	0.4493	0.7883	0.4797	0.463	0.6718
0.1332	-0.8268	-1.0468	-0.2494	-0.6542	-0.6325	0.5048	-1.0952	0.5986	-0.5085
1.2194	-0.128	3.448	0.5303	1.4922	1.5343	1.8368	1.8979	1.6767	1.9579
-1.5819	-1.0049	-1.3635	-1.1854	-1.0166	-1.3717	0.298	-1.0937	-1.1866	-1.2871
-0.6342	-1.3131	-0.5223	-0.6736	-0.9259	-0.4981	-0.0228	0.066	1.0737	-0.019
0.2253	-0.0187	-0.0974	0.4453	0.2725	-0.4669	0.4272	0.1926	1.0706	0.1393
-2.2129	-2.2842	-1.0171	-2.1698	-0.5075	-2.178	-1.55	-0.5869	-1.1808	-1.4885
0.3491	1.5305	0.4238	1.4592	0.1339	0.3777	0.3698	1.0161	0.9507	0.4782
-0.4838	-0.7108	-1.6982	-0.4521	-0.8303	0.9801	0.0015	-0.4168	0.7933	-0.6485
1.7435	-0.2247	-0.2253	-0.0828	0.7735	-0.4397	-0.4713	0.2557	0.1097	-0.6368
1.2897	-1.2017	-0.202	0.3802	0.7518	0.9598	1.397	-0.4617	0.2964	0.3471
-0.9779	-1.2069	-1.1224	-1.786	-1.8532	-0.1583	-1.3873	-1.7797	-0.3103	-0.8424
1.9363	1.1991	0.6414	0.8133	1.0203	1.4814	1.1772	0.4886	0.395	1.713
-0.4394	-2.18	-1.1872	0.1838	-1.8067	-0.0808	0.0147	-0.2975	-1.3096	-1.4164
0.5656	0.2273	0.1243	0.2476	-0.2918	-0.6844	1.6371	0.9496	0.5132	-0.7309
-0.889	-0.1273	1.8834	0.5496	0.6583	0.0133	-0.8192	1.206	-0.3288	-1.0143
-0.4716	-2.1269	-1.7917	-1.4136	-2.0575	-2.5848	-1.0858	-1.008	-1.219	-1.2522
1.5838	-1.7443	0.3595	0.6166	-1.1363	0.0937	-0.5517	0.1254	-0.0662	-0.3413
0.6598	0.0284	-0.5134	1.2679	0.6517	-0.5257	-0.573	1.1785	0.1519	-0.7614
0.2543	0.0586	-0.3789	0.8074	-0.294	-0.2365	-0.7852	-0.264	-0.5065	-1.5007
0.5661	0.3137	-0.231	0.1524	1.283	-0.4208	-0.0852	0.9357	0.4309	0.3338
-1.0654	-0.3008	0.1622	0.3379	-1.3536	1.3628	0.6735	-1.2872	-1.0911	0.0802
0.8546	1.9043	1.8115	1.073	-0.1191	0.4157	1.9237	0.1517	0.2694	0.4021
-0.4427	-2.579	-1.4494	0.266	0.3404	-0.0972	-0.6024	-1.1948	-0.3705	-0.2821
0.33	-0.2776	-0.0558	0.7833	-0.3972	0.0008	-0.1826	-0.0341	-0.0735	0.8644
-0.4847	-0.478	0.3093	0.8868	0.9114	0.1163	0.3348	0.0779	-0.0233	0.1743
-0.078	0.4437	0.0662	0.343	-0.5329	-0.7651	-0.8079	-1.1572	0.3588	-0.2075
0.1957	-0.6402	0.7118	0.2164	-0.0493	-0.4048	0.2976	-1.3757	-1.4693	-0.9689
-0.74	-0.2038	-0.0977	0.497	1.2988	-0.3055	0.7623	0.1541	0.2002	1.2598
0.0812	-0.4009	-0.4708	-0.0185	0.4752	-0.6705	-0.8014	-0.2825	-0.175	-0.6204
1.164	-0.6084	0.7158	0.9283	1.0287	-0.3005	1.0808	2.0353	0.3097	0.7468
1.0935	1.0739	0.5978	1.4483	0.2458	0.2659	-0.1451	0.2221	0.0737	-0.3236
-0.2678	0.6662	0.9345	-0.2103	-0.6018	0.5608	0.6178	0.0179	0.3123	-0.0368
-0.7338	-0.2761	-0.0646	-0.6706	-1.9687	-0.0063	0.3905	-0.2995	-0.2561	0.7193
0.2737	-0.3355	-0.1144	-0.7184	0.3163	0.012	-0.0446	0.239	-0.288	1.3077
-2.0448	-0.6874	-0.8666	-0.1611	-1.3776	-0.2943	-1.2921	-2.0909	-1.3675	-0.9925
0.4251	-1.0492	-1.1501	-0.2603	-1.1104	-0.1001	-0.4556	1.5884	-0.1189	-0.7143
0.7404	-0.6752	-1.1465	-1.7683	0.3315	1.0897	0.0809	-1.0726	-0.4491	-0.2182
0.791	1.5609	0.1463	2.4575	1.8981	0.9835	0.8891	0.9828	0.5928	0.362
-0.5477	-0.1855	-1.0422	-0.6996	-0.4872	0.3505	-1.1986	-0.4769	-0.8223	-0.6285
2.9456	-0.4583	1.5872	1.6295	-0.3207	2.1109	2.1755	0.7149	0.6512	1.4238
-1.3072	-1.3985	1.1922	-0.5893	-0.9861	-0.0996	-1.2612	0.4638	0.0988	0.5199
-0.0554	0.077	0.4755	-0.3983	-0.4333	0.5419	0.4976	0.8538	-0.1504	0.2511
0.024	0.5614	-0.3649	1.8236	0.9522	1.2225	0.7985	-0.2938	0.4964	-0.5752
-0.2327	-0.9844	-0.6202	0.0998	-0.5329	0.6653	0.2833	-0.8336	-1.72	0.4072
1.1771	0.5943	0.2928	0.4945	-0.6427	0.597	1.1053	0.9033	-1.6597	0.3849
0.0085	0.8301	0.7248	1.4309	0.8316	0.7377	1.6571	1.861	-0.18	0.5422
1.1932	-0.1036	0.9298	1.2295	-0.1232	0.1423	-0.1462	1.2002	-0.1071	0.1956
0.7798	-0.2752	-0.6692	-0.0866	0.5423	0.9824	-0.8011	0.3383	-0.4084	0.8424
0.04	-0.2036	0.1186	1.1862	0.1332	2.0801	2.0613	0.7296	0.3306	-0.0564
-0.4211	-0.2256	-1.7041	-1.6606	-0.9323	0.3912	-1.204	-0.0474	-1.7584	-1.006
-1.475	-0.7813	0.2468	-0.0703	-2.1787	0.1199	0.17	0.1106	0.5918	-0.4358
0.1244	-0.5015	-0.1704	0.2918	1.4322	1.0346	0.1837	0.3723	0.3774	0.6329
1.7673	1.0808	0.6772	0.4025	2.1341	2.0848	0.0916	0.7388	-0.6308	0.9345
0.1005	1.5915	-0.206	1.2773	0.3272	-0.8918	0.7541	1.3734	1.6604	0.7684
1.1854	-0.1727	-0.6056	-0.2168	0.596	1.3208	0.5704	0.0089	1.0354	0.2474
-0.0272	0.7488	0.6861	0.5139	0.1035	0.071	-1.2426	-0.4927	0.2915	1.6184
2.0174	1.8076	1.3955	0.203	1.1339	3.0058	1.5843	0.9691	1.8524	2.2169
0.9043	2.4838	2.3172	2.6322	1.5501	0.6425	-0.2499	0.9009	0.843	0.9199
-0.0671	1.8834	-0.6118	-0.2585	0.7915	-0.2079	0.4918	-1.9232	0.6618	-0.4282
0.4108	1.1619	0.7199	0.0858	0.33	1.1952	1.8125	0.7933	-1.1251	0.1288
0.3036	-1.1059	-1.1457	-0.4398	-0.8246	-1.2694	0.15	0.8071	0.6672	-0.672
0.1563	0.891	-0.4102	-0.6553	0.5082	-0.4167	-2.1595	-0.911	0.7221	0.4376
-1.5835	-2.3626	-2.8763	-2.6414	-2.2447	-2.3919	-0.9984	-2.5313	-2.0911	-2.883
1.7766	0.9254	0.2175	0.1178	1.2818	1.3123	0.9631	0.8509	-0.1938	-0.5787
-0.1929	0.2096	-0.5632	-1.7612	0.6552	-0.9105	0.0701	0.4141	0.3906	0.3612
1.6894	1.7538	0.2069	1.0602	2.5405	1.6887	1.4251	1.2267	-0.2713	1.3332
-0.7094	0.1293	-0.6276	-0.2772	0.5515	0.4566	0.9194	0.7671	-0.9646	0.6214
-1.6321	-2.4439	0.0671	-1.3384	-0.9921	-2.7208	-1.8679	-2.2204	-1.6225	-0.7617
0.8487	0.5149	-0.1315	0.6377	-0.9526	0.3905	-0.3754	-0.2562	-0.0213	-1.2209
1.7123	-0.0269	2.9026	0.9528	1.514	1.5166	2.0405	1.2335	2.7543	2.3554
-1.1931	-1.8949	-1.8367	-1.8734	-0.9043	-1.7196	-1.7092	-1.1179	-0.3465	-1.2691
-0.6748	0.5908	0.5687	0.5283	0.0247	-1.6765	-2.2227	0.6361	-0.7977	-1.4555
0.8627	1.3196	1.2659	1.0735	1.3689	1.4404	1.3909	1.6192	0.3248	-0.2397
0.4691	0.4227	0.9426	-0.0966	-0.6167	-0.4367	0.5666	-0.7559	-0.976	0.2443
0.2625	-1.2852	-1.5105	0.1145	-0.8502	-0.3483	-0.5486	-0.1448	-0.5796	0.5924
-0.4308	0.8449	0.7486	0.8322	0.2074	-0.3457	-0.3541	-1.0368	-0.832	-1.9454
0.8696	-0.6411	-1.3255	-0.3995	-0.3052	-0.5523	-0.7639	-1.0858	-0.1579	-1.6706
1.0991	0.6192	1.4685	0.5377	0.4124	0.873	0.3143	-0.383	1.0823	-0.334
1.5197	0.3189	1.0071	0.71	0.2796	0.9668	0.115	0.614	1.0684	0.6651
1.1464	0.9097	0.0737	-0.7341	0.5516	0.6648	1.9386	0.5518	0.9488	0.6464
-0.1495	-0.7067	-0.7616	1.1462	0.1097	-0.5569	-0.1875	-0.0775	-1.1867	-0.7412
-2.0924	-1.4398	-2.7542	-2.1393	-2.5125	-2.5184	-2.959	-2.4064	-2.5969	-2.2727
-1.2763	-0.9708	0.3793	-0.3022	-0.6029	-0.9503	-0.0038	-1.7189	0.6405	0.1103
1.05	-0.2611	0.4685	-0.2699	0.0025	-0.945	0.1707	-1.5035	-0.406	1.3397
0.7358	0.7958	0.2848	0.1482	-0.2212	0.4265	0.7049	2.2053	0.8908	0.8518
1.1631	0.1725	1.344	0.2965	0.3285	0.5786	-0.2543	0.5987	0.0082	1.7171
-1.1899	-0.1215	-0.1136	0.3883	-0.874	-0.4253	0.5231	-0.0012	-0.8902	-0.5492
0.8822	1.0205	1.3974	1.034	0.0562	0.7101	0.1556	-0.0557	-0.8804	1.9386
-1.3687	0.0344	0.9663	-0.336	-0.2191	0.5397	0.3281	0.4639	-0.5607	-0.0143
-0.3157	-0.3331	-0.1746	-1.2504	-0.211	-1.4	-0.2411	-1.0145	-0.5308	-0.8159
1.1234	1.089	1.5353	1.7599	0.7623	0.9972	1.1438	1.873	1.3906	3.3677
0.6793	1.9247	0.9436	1.0274	1.3942	1.1853	1.0699	0.9058	1.4707	1.3303
0.5411	-1.3611	-1.329	-0.3132	-1.1165	-2.0249	-1.2264	-1.0789	-2.1571	-0.771
-0.0869	-0.0695	-0.0214	-0.4193	0.7171	-0.4157	-0.4212	0.9446	0.2048	-1.114
-0.5893	-0.1317	-1.1767	0.6394	-0.976	0.587	-1.0068	-0.5433	-0.7833	-1.1124
0.7862	0.691	0.5887	0.1419	0.8598	0.8833	-1.1916	-1.0553	0.2222	2.6226
1.09	0.8025	1.4766	-0.4065	-1.3787	-0.3061	0.4344	-0.3343	0.6034	-0.1985
-0.4869	-0.907	-0.1355	-0.7907	0.5478	-0.1286	0.1525	-1.2519	-0.0155	0.3326
1.861	0.9659	1.1333	1.4134	0.3041	1.1007	0.1561	0.9062	1.6607	1.9679
-1.8172	-0.2073	-1.488	-0.5411	0.5866	-0.2774	-0.7804	-1.5616	-0.9912	-0.7017
0.8567	-0.6297	-0.226	0.8289	-0.0121	-1.5763	-0.4883	-0.1321	-0.455	0.3718
0.3067	0.107	-0.0233	-0.3542	0.5949	0.6274	-0.7608	-0.0495	0.0799	0.1253
-1.2682	0.123	-1.1648	-0.3282	-0.9736	0.0379	-0.214	-1.1691	-0.4473	-0.1617
0.8604	0.2628	0.5078	-0.2615	1.0642	0.7608	1.0296	-0.0046	0.5167	0.2611
-0.1582	-0.1376	0.3501	0.3831	-0.0041	0.3557	1.4889	0.1158	-0.0769	-0.3463
0.8896	0.5793	0.8031	2.1577	0.4944	0.9619	0.882	0.0552	-0.365	1.4342
0.8956	-0.1722	-1.1318	-1.5809	0.0358	-0.6936	1.2109	-0.653	-1.2424	-0.5763
-0.3222	0.4206	-0.5134	-1.5273	-0.7011	-0.2988	0.044	0.4307	-0.8854	0.0667
-1.3426	0.6585	0.4499	0.2282	0.722	0.0978	0.4476	0.3107	-1.1281	0.3898
-1.2135	0.1558	-1.3035	-1.3407	0.2257	-0.771	-0.4782	-0.6252	0.3735	0.6638
0.4347	-0.8069	0.2784	-1.4254	-0.923	-1.0535	-1.5184	-0.705	-0.4847	-2.1558
-1.5513	-1.8242	-2.1258	-1.4105	-1.3828	-1.7133	-1.5895	-1.798	-2.1018	-2.5489
0.9476	0.6915	0.211	-0.7182	-0.1621	0.1985	-0.4913	-1.6894	2.0056	0.1701
-1.1588	0.4868	-0.4228	-0.3598	0.0405	-0.8846	-0.486	-0.2556	0.8098	0.7327
-0.1428	-0.7558	0.4566	-0.2638	-0.2274	-0.1449	0.1729	-0.5267	0.4129	0.5536
0.3529	0.9472	0.9352	0.0868	0.468	1.7812	0.8705	2.104	1.5837	2.0017
-0.863	0.0978	0.5716	0.0222	-0.3435	-0.4043	0.3038	-0.568	0.9941	0.9401
0.3197	1.1185	1.5781	1.3389	1.1125	1.033	0.2282	1.2292	1.8692	1.0858
1.0615	1.0043	2.2255	1.416	1.9774	0.5623	0.6656	0.6337	0.3845	1.6197
-1.3461	-1.6426	-1.0291	-1.7925	-1.3416	-0.2481	-2.265	-0.6053	-1.5428	-0.6182
0.2663	-0.8448	1.0106	-0.083	0.6009	0.5776	-0.3127	-0.0261	-0.3216	-0.0454
-1.044	-2.3058	-0.729	-2.3771	-1.6421	-1.9241	-2.3961	-1.9192	-1.0585	-1.1614
0.6577	1.4757	1.2209	0.8577	1.0154	0.3497	1.9368	0.2239	-0.8756	0.6062
-2.0294	-0.8957	-0.4247	-1.1305	-0.8366	0.5161	0.3546	-0.575	0.2529	-0.7196
0.2259	-0.9105	0.5825	1.2455	0.311	-0.1399	-0.0015	-0.5649	0.5862	-0.2932
-0.332	-1.0495	-1.1007	-0.026	-0.8811	-0.9465	-0.3705	-2.5832	-0.4366	-1.8481
0.6275	-0.574	1.1366	0.4615	-0.4561	-0.2667	-0.1171	1.0845	0.332	0.2297
-0.1815	-0.0076	-0.7899	0.0771	-0.4459	0.4291	-0.6684	-0.3864	-0.723	1.0084
-0.8443	-0.8095	-0.64	-0.0783	-1.8374	-1.6235	0.1839	0.0229	-2.7813	-0.7797
-0.8506	-0.0529	0.8885	-0.1121	-1.4214	-0.0406	-1.5703	-0.5923	-1.0346	-0.9439
-0.1912	0.4964	1.1928	-0.2155	0.2728	1.3517	-0.3556	0.4054	0.1076	0.4143
-1.6125	-0.3996	-0.7318	1.201	-0.6403	-0.6152	-0.4427	-0.2178	-0.1747	-1.0505
-1.1706	0.5753	-0.6985	-0.5465	0.3912	-0.6509	-0.9035	-1.3307	-0.2946	-0.332
0.6998	1.045	1.3596	2.007	1.2328	1.0805	-0.068	0.7065	1.9074	1.224
0.8705	-0.4985	1.04	-0.4643	-0.0232	1.2716	-0.2817	0.4336	-0.1451	1.4709
-0.3391	-0.8769	-0.7208	-0.2117	0.1347	0.1736	-2.1007	-0.2181	-0.2774	0.4754
-0.8694	-0.9891	-0.9609	-1.4588	-0.7839	-1.7927	-0.9002	-0.9948	-0.7936	-0.9584
0.3374	1.653	1.4503	2.1411	2.8743	2.2373	1.968	1.4942	0.4856	1.1622
0.5024	1.1286	1.4255	-0.148	0.9822	0.136	1.3921	0.7956	0.5256	-0.1885
-1.3122	0.8962	-0.4131	0.5054	-0.2172	0.2609	0.4418	0.0764	-0.9085	-0.3144
0.54	0.0562	-0.2062	0.5235	0.6542	0.2393	0.5672	-0.2024	0.6441	0.37
0.206	0.0554	0.4155	1.302	-0.392	-0.7654	0.6345	1.2329	1.2376	-0.8682
-0.2366	-0.4571	-0.2443	1.1156	-0.1954	0.4449	0.3509	1.2522	1.2337	-0.1474
-1.5815	-1.7363	-1.8033	-2.5637	-2.3988	-2.375	-2.3665	-0.129	-2.4602	-1.9649
-0.9176	-2.2287	-1.3388	-1.1802	0.1373	-0.8214	-0.1836	-0.5524	-1.4303	-0.7028
2.5219	1.6152	1.1419	0.5865	1.2594	1.7028	1.3562	1.3697	2.0905	1.5554
-0.7764	-1.0548	-0.2239	-0.6839	-0.6229	-0.6476	1.3324	-1.0166	-0.7393	-0.6208
-0.0497	0.2445	0.2544	-0.1052	1.5589	0.1744	-0.8348	0.5374	-0.739	-0.1448
-0.5211	0.747	-0.4304	0.8466	-0.0879	-0.2088	-0.4995	-0.2786	1.1482	-0.2135
1.1239	-1.0819	1.2728	-0.5481	-0.346	1.0705	1.6969	0.5181	0.2206	1.5955
-0.8397	-0.4319	1.5894	0.3908	-0.1774	-0.1784	-1.6016	0.3042	0.116	1.0552
-0.7222	-0.839	-0.695	-2.3677	-1.0786	-1.554	-0.992	-0.4239	-1.6016	-0.274
1.9805	-0.1652	1.8234	0.8151	-0.2695	-0.5071	-0.2229	0.034	0.7422	-1.1115
1.1597	0.2526	0.6786	-0.0442	1.1756	1.3897	-0.1039	0.3604	0.6912	-0.1959
2.3141	0.9918	2.1294	1.6105	1.3078	1.7413	2.5256	1.0766	1.1697	0.9631
-1.1981	-2.9984	-2.3152	-1.492	-3.1374	0.0185	-1.0115	-0.5934	-2.0338	-1.1722
-0.1399	-0.8787	-1.0216	-0.743	-0.784	-1.34	0.6556	-1.5321	-1.1404	-1.5832
-1.2963	-0.5904	0.5171	0.2836	-0.9755	-0.5071	-0.5881	0.1476	1.5092	-0.5053
0.3805	-1.6423	-0.2316	-0.4722	0.3149	-0.3235	0.2406	0.2826	0.3228	0.8748
1.4841	0.5348	0.683	0.5876	1.1865	-0.0036	1.4962	1.3842	0.9758	-0.0445
0.6336	0.0468	0.2468	0.254	1.3301	0.5334	-0.3004	-0.0039	0.3694	0.54
0.055	-1.2515	-0.0162	-1.273	-1.6197	0.3944	-0.0187	0.1136	-0.8339	-0.3446
1.1579	0.9489	0.2584	0.8304	0.9941	0.6462	0.7426	1.1753	0.7904	1.7115
0.8491	-0.5015	2.1915	1.3557	0.9841	0.7018	1.2245	0.6991	0.9869	1.0968
0.792	0.9326	-0.9326	-0.3074	0.0345	0.3493	-1.3305	0.5568	1.2775	-0.3824
0.6068	0.5786	-0.443	0.2455	1.479	0.4805	0.9812	1.0331	-0.041	0.2488
-3.3472	-1.3179	-0.6555	0.1081	-0.4596	-1.7596	-0.4823	-1.9536	-0.4127	-0.1107
0.6988	1.6161	0.9583	0.3076	1.3588	0.3955	1.4065	0.9909	1.6725	1.6567
1.0788	0.0944	0.3088	0.3947	0.0546	0.7361	0.4179	0.603	0.171	-0.2203
-0.3155	0.8579	1.5874	1.5278	0.9035	1.1086	-0.3178	0.1832	0.5258	1.3698
-0.5063	1.0791	0.3589	-0.1839	0.5851	0.6102	1.3564	-0.6925	0.3174	-0.5222
0.7909	0.7042	1.5002	1.5591	0.9675	0.217	0.1254	1.0042	0.4657	1.1866
0.0725	-1.5519	-1.9124	-0.1541	-0.9825	-1.6598	-1.4857	-1.8731	-0.897	-1.6966
-0.2189	0.5232	-0.6832	-0.9094	1.5574	-0.137	-0.3677	-0.3143	0.6215	0.4515
-0.3553	-1.2622	-0.1506	0.2855	-0.2872	0.0859	-0.845	0.0827	0.2284	0.1492
0.39	-0.0656	-0.1957	0.1381	0.2179	-0.3023	1.1957	0.4904	0.5146	0.1104
0.1604	0.3245	0.4278	2.0875	1.0137	-0.1423	0.0013	0.904	1.2714	0.5385
0.9027	0.1333	1.3914	-1.0121	-0.2505	0.4941	-1.7653	-0.5609	0.5341	0.6085
0.2384	0.3315	-1.206	-1.0	-0.5418	-2.1183	0.224	0.0493	-0.0195	-0.8685
-1.4348	-1.6077	-1.0603	-0.5327	-1.1809	-0.5718	0.5354	0.03	-0.9991	-1.1476
1.6756	0.5158	1.2103	1.2231	0.155	1.0246	-0.223	0.9786	-0.2627	-0.6981
0.4045	-0.4607	0.207	-1.6982	0.7618	-0.3243	0.9786	0.2387	-0.5097	-0.2261
1.6839	0.0716	0.0037	0.5251	0.3446	0.0051	-0.3162	0.0397	1.4735	1.3449
-0.5902	-0.2992	-0.765	-0.2902	-0.1193	-1.2265	-0.0565	-0.669	-0.5424	-0.1292
0.8751	-0.0873	0.8152	-0.5681	0.0929	-0.3197	-0.1341	-0.0935	0.1131	-0.4727
-1.4838	-0.1403	0.0447	-0.2049	-0.4887	-1.4181	-1.154	-1.0874	-0.6166	-0.6505
0.7319	0.1838	1.8805	0.8784	0.3466	0.1852	0.7006	-0.4549	0.6417	1.6548
-0.2636	-0.0076	-0.1257	0.687	-0.6339	0.4044	0.0188	0.1801	0.6391	1.2713
-0.6352	0.5507	0.6015	-0.6027	-0.0356	0.6462	0.409	-0.4751	0.6935	0.0791
-2.2321	-1.9427	-2.6932	-1.9303	0.0248	-1.7415	-0.7323	-2.7724	-1.6709	-0.8442
-1.1075	-1.2357	1.0227	-0.6706	0.1704	-0.5553	-0.7101	-1.0564	-0.7448	0.1236
0.1392	-0.7764	-0.2861	-0.6767	-1.4315	-0.5504	0.0303	-1.364	-0.0942	-0.5802
0.9384	1.2155	1.0064	0.1898	0.8836	0.5143	-0.4618	1.191	-0.4292	1.2396
1.627	1.8635	1.2768	0.4823	1.2329	1.4475	0.4	0.3451	0.7989	1.6639
1.0292	-0.0889	0.87	1.6376	1.7428	1.4205	1.3996	0.6867	0.901	0.8164
0.2019	-0.5865	-0.4449	1.0387	-0.1299	1.0238	-0.0492	-1.0619	-0.8022	-0.0829
1.4068	1.2859	1.5835	0.3857	-0.3994	1.4547	2.5636	1.7104	-0.1567	0.7771
-1.9877	-1.3977	-1.3275	-0.7819	-0.3181	-1.6497	-0.6657	-0.5632	-0.9346	-0.2411
-0.0539	-0.1547	-0.2601	0.9312	1.7187	0.8886	-0.43	1.3325	0.2981	0.7996
0.0136	0.4019	-1.1758	0.2929	-0.3164	-0.1012	0.2902	0.457	-0.3536	-1.5106
0.9102	-0.2	0.9578	1.0084	0.7787	0.7319	-0.6596	-0.1404	0.1185	0.2361
1.4388	0.6331	-0.5175	-1.1445	0.2274	-0.5654	-0.0345	-0.5094	0.28	-1.2579
-0.7482	-0.4107	-1.56	-0.8927	-0.4792	-0.468	-0.9775	0.669	0.1042	-0.7409
-0.7768	-0.0878	-0.6394	-1.056	0.4075	1.3165	-0.114	-0.0758	-0.1834	1.0303
0.2667	-1.871	-0.0544	0.3507	0.3948	0.0206	-0.3229	-0.7837	0.4155	-1.2072
-1.1036	-0.4032	-0.2518	-0.6531	-0.5106	0.1661	-2.1878	-0.9133	-0.0314	-0.002
0.5122	-0.3177	0.5881	0.8975	1.0109	-0.2904	0.5935	0.1293	-0.1189	0.5261
-0.1117	0.5013	0.1854	1.1904	-0.0219	0.1923	0.5984	0.2622	1.2367	0.6516
1.7439	-0.2471	-0.2476	1.4666	1.0948	0.0938	0.2151	0.4615	1.931	-0.6223
-0.1515	1.8462	2.2382	0.6877	0.9921	0.6835	1.3563	0.4238	0.1762	-1.248
0.533	0.9093	0.6948	1.5521	1.5191	0.7333	1.5174	1.4414	1.7122	1.3675
0.8891	1.25	2.1395	1.2406	0.5933	1.7527	2.0831	1.2217	1.8835	2.6827
-0.0422	-0.4527	-0.5321	0.1421	-0.4496	-0.536	0.6276	-0.5612	-1.0673	-2.1501
2.369	2.3013	0.7337	1.8446	1.2325	3.1424	2.0666	1.6143	2.1173	1.7152
0.9831	0.1333	0.0015	-0.744	0.3852	0.0952	-0.6439	0.3176	-1.1451	0.3655
-0.4372	-1.3251	-0.7828	0.4408	0.2964	-0.4672	-0.3767	-1.1079	-0.1221	-0.2578
0.5645	0.7304	0.4528	1.1516	0.959	0.3536	0.4236	-0.2198	1.4331	0.8751
0.8029	0.0395	-0.0598	0.11	-0.0037	0.3646	-0.5633	-0.273	-0.0921	0.8161
-0.2969	-1.4069	-0.9188	-0.2865	-0.4208	-1.5769	-1.5216	-0.3134	0.1431	-0.6882
-0.6802	-1.0101	-1.8914	-0.9759	-0.4867	-0.2252	-1.0551	-1.0722	-2.4571	-1.7263
-1.45	0.2438	1.7127	1.5504	0.7357	2.1511	0.8527	0.7432	2.4048	-0.5194
-1.1845	-0.2924	-0.0549	-0.6554	0.1309	-0.6021	-0.1386	-0.1491	0.5911	1.7527
0.7039	-0.5365	0.0491	1.9094	1.1193	1.1899	0.6717	0.9088	0.7	1.4311
-0.5494	-1.5959	-1.107	-0.1392	-0.186	0.2459	-1.24	-1.146	-0.2034	-1.3765
0.5377	0.6783	0.9711	1.1671	1.4971	-0.3844	-0.0489	1.1937	1.3864	-0.0875
0.0237	0.8213	0.6501	-0.3949	1.0329	0.4455	1.0146	0.5437	1.64	-0.6292
-1.4014	-1.9099	-0.5264	-1.8628	-1.8856	-0.8812	-2.3869	-1.7309	-1.7419	-1.8894
-0.4157	0.1427	-0.4618	0.7221	-0.6605	0.813	0.6579	1.6379	-1.2377	0.2385
-1.7976	1.3666	-0.3283	0.1324	0.4742	-1.1252	0.0391	0.7232	0.6688	0.6851
1.0911	-1.0283	0.1614	0.1912	0.0589	0.9775	0.2565	0.874	0.4382	-0.8044
-0.4287	0.647	0.181	0.7489	0.0805	0.6377	0.4107	-0.4025	0.1672	-0.1275
-1.7821	0.0828	-1.3595	-0.7604	0.1456	-1.1808	-0.8248	0.3568	-0.6164	-0.0197
1.1003	0.4335	1.5786	1.0809	1.4964	1.2979	1.9985	0.3681	2.315	0.8668
0.2242	-0.1911	0.9495	0.4007	-0.7884	2.4054	0.9283	2.1677	1.5425	1.1339
-1.135	-1.3195	-1.0149	-1.0247	-0.7727	-2.4857	-1.0123	-0.9048	-0.2664	-1.2234
0.0445	-0.4276	0.6731	0.4311	0.4651	0.0739	1.6397	0.3344	-0.0848	-0.2638
-1.2494	0.6097	-0.4856	-1.6404	-0.382	-0.7055	-0.2264	-0.2136	0.0601	-0.9463
0.7726	0.2026	0.0615	-0.6544	0.056	-0.916	0.6478	-0.8845	-0.3351	0.3338
0.7933	-0.1541	-0.1539	-0.4189	-0.0698	0.7537	-0.3461	-0.7656	-1.143	-0.8287
-0.1267	1.062	1.0858	1.3425	0.1357	-0.5397	0.9036	-0.2901	0.0698	1.854
-0.4736	-0.2079	-0.8694	0.2437	-0.446	-1.2169	-0.7147	-0.8277	-0.4258	0.4639
0.6161	-0.8439	-0.0601	1.0714	-0.0495	-0.982	-0.8496	0.7625	0.5137	-0.0672
-1.2042	-1.2891	-2.0994	-1.2575	-1.7658	0.0554	0.5571	-0.8973	-0.1372	-1.2131
-0.4898	0.9444	0.4406	-0.4799	0.2738	-0.7555	0.7025	-1.8911	-1.6956	-0.4393
0.1738	-0.5897	-0.2519	-1.024	0.0194	0.2798	-0.9446	0.2647	-0.1257	-0.2722
-0.178	-0.2627	0.1578	-1.1946	-1.9509	-0.246	-2.3744	-0.2198	-0.2035	-1.0806
-0.234	-0.1126	0.3185	-0.3123	0.1177	0.2205	-0.1394	1.4574	-0.3165	-0.2511
-0.6723	-0.4433	-0.5999	-1.9203	-1.1115	-1.1843	-1.6955	-0.8441	-1.6756	-0.2368
0.9035	0.0826	0.0236	0.3715	0.6946	-0.3261	1.0175	0.482	0.1305	-0.0975
0.051	0.1398	0.1274	0.483	0.8322	0.8291	1.2957	0.7379	-0.094	0.8817
0.3779	-0.1151	0.3516	-0.8651	-1.4614	-0.0525	1.0985	0.3287	-0.0891	-0.3809
-0.2948	0.0502	0.395	-0.1019	0.4543	0.0738	0.3122	-1.8437	-0.3341	-0.6
0.1519	0.3029	-0.6213	0.4257	-0.8593	-0.7809	0.3428	1.0912	-0.5354	-0.7553
-2.0701	-0.3388	-1.1699	-0.6295	-0.8589	-0.9798	-0.4814	-0.796	-1.27	-1.4501
-0.379	-0.0973	-0.8749	-1.2701	0.7498	-1.103	-0.6	-0.4022	-1.6509	0.2108
-0.3061	1.3263	0.6579	-0.3348	-0.5085	1.3158	0.1039	-0.7012	0.9202	-0.4806
1.1372	0.79	0.8609	-0.9161	-0.0951	0.6298	1.0964	0.9883	0.3617	0.6309
0.6101	0.0019	0.493	0.2597	0.2049	1.2225	-0.4123	1.0683	1.7336	1.2113
-0.1018	-0.5054	-1.1885	0.9626	-0.3538	0.2247	-0.224	-0.2689	-0.1023	0.6599
0.1924	-0.4011	-1.0229	-1.072	1.0744	1.1312	1.468	0.8698	0.3948	0.8859
-0.8388	1.1008	-0.5505	-0.5098	-0.0568	0.0262	0.2678	0.7551	0.1563	0.4506
0.7063	-0.6991	0.5106	-0.5446	-0.5479	-0.5247	0.2171	-1.8875	-0.7027	-0.0292
0.363	0.5126	0.9217	1.0531	0.2138	-0.4368	0.5225	-1.2164	0.5313	1.4014
1.1763	1.7418	0.712	3.3945	2.3535	1.0515	1.6024	2.0978	0.9337	2.4155
-2.5519	-1.4148	-1.1037	-1.5401	-3.6103	-2.3908	-1.0621	-1.6934	-1.3613	-3.005
1.2815	1.7647	-0.0482	0.5911	0.6813	1.0322	0.2155	1.1536	0.0426	-0.8123
-1.3923	0.4475	-1.6789	0.0025	-1.0393	-1.549	-1.3766	-1.1554	-0.6015	-1.0123
0.97	1.2066	0.1337	0.4187	1.2968	1.022	1.5309	0.9022	0.9105	1.5432
-0.701	-0.672	-0.6179	-0.3611	-1.0589	-0.557	0.3619	-1.2937	-0.9638	-0.243
0.318	0.5155	0.1708	0.1368	0.4187	-0.7807	0.315	0.122	-0.1898	-0.3066
1.1212	0.6679	0.9127	-0.7063	0.3156	0.6984	0.8195	2.5104	0.0371	0.6544
1.8205	-0.4143	0.4457	1.407	0.057	0.3151	0.2765	-0.0273	0.5964	0.8891
0.8209	-0.3654	0.6178	1.4871	-1.0785	-0.9652	-0.7139	0.3179	0.9176	-0.8641
0.4109	0.6649	1.9908	1.0241	2.547	0.2375	1.784	0.4166	0.8569	0.9345
0.9232	-0.4943	1.028	-0.0321	0.5037	1.9326	0.6654	1.2404	-0.0283	0.8446
-0.918	0.2443	-0.1606	0.5223	0.0983	0.7214	0.4368	1.3871	-0.0914	-0.7173
-1.0407	-0.1578	0.0624	0.4693	0.7165	-0.29	0.0359	-0.9951	-0.6435	-0.4315
2.6687	0.434	0.6747	1.7728	1.2603	1.2381	1.0321	0.6594	1.6943	2.0227
1.5621	0.6453	1.5853	0.1254	1.4425	1.6443	1.5598	1.8114	0.7747	-0.2816
-0.3691	-0.559	-0.483	-0.6978	-0.8067	0.0463	0.9447	0.8428	-0.1784	-0.616
0.8282	1.7381	0.6531	0.2891	2.065	2.88	0.9199	1.2767	0.7517	0.157
-0.6977	-1.657	1.8432	-0.0522	-0.5108	-0.2337	-0.9478	0.5741	0.268	-1.1178
-1.5264	0.1376	1.8502	-0.8981	-0.4665	0.5061	-0.4568	0.2204	-0.9956	-1.0024
-0.2389	0.0024	-0.4131	0.1568	-0.7644	-0.3635	-0.1364	-0.421	0.0501	0.4074
-0.8648	-0.6692	-1.0743	-0.5545	-0.1384	-0.9352	-1.3051	-0.0928	-0.4905	-0.6265
1.5694	0.9325	0.264	0.7115	0.5218	1.4819	0.9705	0.4331	0.586	1.8856
0.7724	0.1922	0.9387	1.3376	1.0572	-0.6204	0.1752	0.5483	0.6646	0.9811
-1.4363	-2.2832	-0.5098	0.6536	-0.579	-1.1973	-0.7387	-0.3108	-1.0628	-1.0378
1.1708	0.1143	0.8549	-0.211	0.5891	0.7008	-1.1925	0.3792	1.2532	-0.2901
3.2701	1.4201	1.6309	2.4233	1.596	2.6219	1.9033	0.1188	0.9757	3.0853
-0.539	0.1981	-1.1009	-0.1306	0.3495	-0.4082	-1.0576	-0.7176	-0.942	-1.1377
1.9401	1.9169	1.8316	1.1471	1.1191	1.846	1.7546	0.6703	2.4915	1.9155
-2.4392	-0.5025	-1.4283	-1.2304	-1.2306	-1.1496	-0.538	-1.906	-0.684	-1.7436
0.0174	1.7098	1.0799	0.8877	-0.1646	0.0742	1.0864	0.3623	1.0456	-0.0777
-0.4701	-0.4173	0.4014	-1.2229	-1.117	-1.0777	0.0193	0.3513	-0.9115	-0.0739
0.8407	0.7592	-0.114	1.6527	1.3401	0.1587	1.0896	1.6028	2.145	0.6886
0.7573	0.5304	-0.2568	-0.1369	0.8095	1.3758	0.2972	0.5991	0.3292	-0.2057
0.1919	0.211	-0.8953	-0.5861	1.0951	0.2182	0.3121	0.1414	0.3702	0.6734
0.4262	0.6151	0.1515	1.141	0.7133	0.2129	0.7716	-0.0619	0.6727	0.7181
-1.4152	-0.9478	-0.8948	0.1116	-1.3607	-0.6967	-0.6122	-1.8621	-0.6826	-0.2124
-0.8713	1.2238	0.0178	1.2041	1.1325	0.9332	0.6664	0.1188	1.0572	1.5154
-0.9344	-1.1442	-1.411	-0.5744	-1.4287	-2.1515	-1.117	-1.2354	-1.7906	-0.8674
-1.8574	-0.1571	-0.7433	-1.3351	-1.3693	-0.8441	-1.0551	-0.4985	-0.5376	-0.6041
-2.0444	-1.0573	-0.9169	-0.3773	-1.1359	-0.7417	-0.3137	0.325	1.074	-0.2812
-0.491	-0.2591	-1.2909	-0.7558	-0.1764	-0.3992	0.2544	0.0957	-0.2404	-0.7792
-1.4133	-0.4336	0.6394	0.4254	0.0229	-1.0089	-1.3613	-0.1613	-1.2896	-1.5262
-1.1865	0.275	1.4346	-0.9015	0.0838	0.1224	0.4774	-0.402	-0.6731	0.3875
0.4823	-0.4145	0.3518	0.5293	-0.4309	-0.5191	-0.4267	-1.4382	-0.0173	-0.5454
1.2927	-0.3606	0.6036	1.4096	0.4296	0.2013	-0.7985	-0.1064	-1.2023	1.262
0.6777	-0.8898	-1.1796	-0.556	-0.133	-1.2519	0.77	-0.0136	-2.456	-1.7276
-1.4111	-0.3596	-0.5914	0.1696	-0.1236	-1.052	-0.1327	-0.5566	-0.2558	-0.8835
-0.2644	-1.073	-0.3099	0.8334	0.0625	0.6221	-0.3131	-0.2031	1.1702	-0.1475
2.0612	1.1523	0.2519	0.663	0.487	0.6206	-0.0376	1.0772	-0.314	0.8826
-0.6267	0.2315	0.4799	0.4467	1.2397	-1.2816	-1.096	-0.2554	0.7663	-0.4909
1.3524	2.1879	2.1897	1.958	2.1518	0.649	2.0573	1.4619	1.0874	0.913
0.2092	0.6139	0.2158	1.4958	0.8765	0.4516	0.3403	-0.6432	0.2795	1.6623
0.9508	-0.2686	-0.2315	0.6572	0.8428	1.2818	2.2189	0.6611	1.0559	0.9972
0.6144	0.695	0.9374	-0.4474	1.6093	2.3346	0.8351	0.0989	-1.0263	-0.3853
0.7327	-0.2563	-0.485	0.8416	0.3867	1.3597	-0.8238	0.4457	0.048	1.4897
0.2013	0.3624	1.0052	0.3401	0.8626	-0.5777	0.2132	1.4567	1.0681	1.1199
0.2418	0.2529	0.565	-0.221	-0.7217	-1.1284	-1.1398	-0.7591	1.5887	0.5443
-0.7752	0.603	0.8208	-0.1134	-0.9498	-0.1735	0.4324	-1.1576	1.3036	0.8948
-0.8509	-0.7835	-0.0178	0.0301	-1.0253	-0.5118	-0.7302	-0.5658	-0.8978	0.6032
-1.4823	-0.8035	-0.0677	-0.6704	-0.598	-1.1706	-0.2402	-1.3185	0.125	-1.8846
0.4595	0.4381	-0.3905	0.3294	0.3261	0.001	-0.1905	-0.6249	0.6789	0.553
-1.526	-1.8297	-1.1374	-2.6983	-1.4762	-1.2385	-1.9683	-1.6577	-0.9814	-2.0257
-0.7522	-0.7059	-0.7296	-0.7741	-0.662	-0.9724	-1.5161	-0.5939	-0.4665	-1.5592
-1.7163	0.4382	-0.0855	-0.8905	0.4063	-0.13	0.027	-1.0622	0.8472	1.2519
1.2057	0.9329	1.1235	1.4342	1.938	2.2086	0.5014	0.4178	-0.2406	1.2322
-0.1929	0.8414	1.3861	0.4007	0.5483	2.1557	1.247	0.2362	1.117	-0.8046
1.1621	-0.0233	1.436	0.243	0.9175	0.7498	0.6806	0.5203	0.5382	0.6503
0.1075	-0.3246	0.6167	0.0762	0.8066	-0.1275	-0.2641	-0.0261	-0.7504	-0.0725
-0.0523	-0.1624	-0.1473	0.6638	-0.0413	1.2499	0.0293	-0.4847	0.7522	1.394
-0.2528	1.0923	1.9314	1.1328	1.0671	-0.0086	0.3986	-1.3867	0.0645	0.1256
1.357	1.0657	0.3503	-0.0981	0.9039	0.167	1.9772	1.0086	0.0714	1.9814
-0.5873	0.5959	-0.5527	-0.8171	-1.1229	0.5482	1.1942	-0.5379	-0.024	0.9019
-0.9821	-1.5798	-0.9936	-0.85	0.0497	-1.1959	-1.5849	-0.2795	-1.4342	-1.4121
-0.5403	0.4228	0.9311	0.7825	0.7811	-0.1265	0.6081	0.5044	0.9276	0.2793
-0.1766	1.0185	-0.0734	0.3491	1.0927	-0.0548	0.4756	1.365	-0.2221	-0.5326
0.1122	-0.1932	1.181	1.1118	0.3909	0.2852	-0.8739	0.5958	-1.4364	0.5708
0.9933	1.8031	0.8917	-0.7625	1.066	0.5203	0.8644	0.8514	0.6574	0.9374
1.6241	0.798	1.5995	1.6211	0.4829	0.0507	0.8021	1.1417	2.1859	1.8904
-1.0638	0.3517	0.3275	1.4207	-0.0272	0.257	0.2478	1.6715	0.794	0.5513
0.367	-0.1714	0.4111	1.7881	0.1363	0.5789	-1.4225	0.3497	-0.8579	0.965
-0.9409	-0.3814	-1.25	-1.415	-0.2808	-1.5272	-1.4847	-1.8843	-0.664	-0.9735
-0.0457	-0.0234	0.0345	-0.0099	1.0791	0.5102	1.0176	-0.1584	1.2861	-0.6023
-0.4935	-0.5105	0.1617	1.3332	0.4645	0.6991	0.4962	0.5348	0.8956	1.601
-0.0396	0.5812	0.3512	0.6576	0.2029	-0.9971	0.1039	-1.2364	-0.0571	-1.101
-1.3424	-1.6243	0.8844	-1.5142	-0.5195	-0.9943	-1.1042	0.2255	-0.6478	-1.0214
0.3822	0.4003	0.5605	1.18	0.3706	1.5664	0.5519	-0.4445	1.1543	0.0067
-0.051	-1.2385	-0.969	0.6213	-0.243	-0.7182	-0.107	0.0017	-0.4189	-1.9338
0.5086	0.4376	0.4254	0.0536	0.4944	0.0074	0.5489	0.1214	-0.0188	-0.9584
0.1547	0.7748	-0.2906	-0.1255	0.6014	0.923	1.4654	0.404	1.674	0.8373
-0.9468	-0.9886	-0.464	-1.9593	0.3217	0.0891	-0.602	-0.6751	-0.2733	-1.0424
0.6209	0.8594	0.8991	-0.6043	1.0458	0.3452	-0.4749	0.2097	0.7758	-0.3655
0.8932	-0.3422	-1.3327	-1.3851	-0.5732	-0.6793	0.4522	0.2485	-0.8209	1.2404
1.0809	0.6483	0.0876	1.4774	1.2375	1.1222	2.4721	1.7435	0.5837	1.9293
-0.5996	-1.2753	-0.907	-0.6369	-0.9193	-1.5108	-1.3301	-0.3436	-2.3827	-0.7774
0.8648	0.6059	0.1214	1.2662	0.6593	0.4476	0.8066	1.266	1.1466	0.1873
1.0735	-0.2794	-0.6218	-0.3202	1.0523	-0.9736	-0.6938	1.4585	-1.167	0.7439
0.2872	0.3833	1.1923	0.5639	1.4433	0.0228	1.3509	0.9943	1.5569	1.0615
2.0122	1.347	1.3226	2.0889	1.8818	0.7784	2.7539	2.2628	1.1943	2.6858
-0.8912	-1.5334	1.0004	-1.0219	-0.889	-2.417	-0.2703	-0.244	-0.6505	-1.6475
0.8571	0.0877	-0.2782	-0.0058	0.2036	-0.2032	-1.5408	-0.5374	1.5279	-0.346
-0.9696	1.2317	1.7094	-0.1492	1.3488	0.5757	-0.0149	-0.7294	0.1638	-0.6062
1.0499	0.0588	-0.37	0.6555	-0.3503	0.9969	1.0931	-0.8736	0.8022	0.3728
-0.4717	0.4206	0.6651	-0.4636	1.0147	0.6	-1.7459	0.0935	-0.2342	-0.822
0.8064	-0.7219	0.4342	0.6707	-0.3107	1.2148	0.4371	0.4335	0.1381	-0.4755
0.0503	-0.7784	-0.2283	0.3661	1.1443	0.0675	-0.1542	0.9612	-0.0395	-0.6442
0.3326	0.5979	-1.0362	0.2547	0.3369	-0.6594	-1.0431	0.1986	-0.2895	0.9584
-1.4522	-1.9751	-1.2262	-2.2246	-1.7455	-1.7184	-1.9401	-3.0025	-0.5293	-1.362
-1.0719	-1.1495	-1.0247	-0.8495	0.072	-1.6471	0.8413	-1.0047	-0.5372	0.0547
-0.7005	0.2053	-0.124	0.0019	-0.4792	-0.7	-0.2212	-1.695	-0.4322	-2.5689
0.9312	1.5858	0.3876	-0.2938	-0.4673	2.1869	0.3035	0.5887	-0.3119	0.5693
-0.0035	-1.6242	-1.6556	-0.2752	-1.8036	-2.4464	0.1953	-0.4672	-2.1017	-3.5519
-0.5639	0.0359	-2.0383	-1.3236	-0.3042	-0.4339	-0.0949	0.8851	-0.202	0.8188
0.2055	0.2864	-0.0902	-1.1075	-0.3235	1.0583	-0.5457	0.2448	0.8705	0.0396
0.5607	0.7865	0.2237	0.5105	1.7079	1.003	-0.0211	-0.0497	-0.3609	0.8951
-1.4186	-1.2579	-1.1438	-1.8181	-0.8452	-1.9081	-2.0143	-1.5608	-2.0391	0.0534
0.7389	-0.1584	-0.0303	0.2127	-0.0582	-1.4155	0.382	-0.7899	1.0465	0.0133
1.0436	0.2754	-0.0301	1.9018	1.3137	-0.0219	0.3469	1.7179	0.3588	1.3886
0.5446	0.5649	-0.8729	-0.5093	-1.7914	-0.8661	-0.2508	0.4635	0.0841	-1.1633
-1.2758	0.613	-0.6877	-2.0737	-1.01	-0.1521	-1.1547	0.0474	-1.313	-0.5424
-0.0499	0.2543	-0.7607	0.3977	-0.1353	-0.8515	0.8549	0.9238	-0.677	-0.3484
0.9168	-0.1843	-0.2428	-0.6254	0.5683	0.2183	-0.1931	-0.0244	0.1936	-0.7619
-0.6413	1.4534	0.4028	-0.1615	0.396	0.1674	-0.8308	-1.2891	0.8598	-0.1911
-0.6201	-0.4082	-1.136	-1.7973	-1.3071	-2.0647	-1.517	-2.2026	-0.2398	-0.5374
-0.469	0.3422	0.9069	-0.716	1.1094	0.3404	-0.0581	-0.2646	0.5456	0.1065
0.4714	0.9951	0.7893	0.9329	0.7768	-1.1262	-0.3307	1.9574	1.4218	1.6192
1.815	0.0493	0.8787	0.5951	1.142	1.2504	1.1267	-0.3105	0.3578	1.4561
-0.1513	-1.0782	-0.6639	-1.4546	-0.2134	-1.5258	0.6421	-0.5538	-0.7148	0.3529
-1.498	-0.1371	-1.0863	0.2029	0.0438	-0.7078	-0.3694	0.9765	0.0394	-0.611
0.3751	0.5543	1.1068	-0.7058	0.3036	0.0883	0.9314	1.2589	0.9382	0.0022
0.3518	0.5559	-0.841	1.1066	-0.7238	-0.2178	-1.2179	-0.2887	-0.073	-0.2885
0.279	0.8211	-0.1946	0.7266	0.0817	1.1955	-0.0096	1.2164	0.2219	1.0194
-0.1074	-1.0427	-0.931	-1.6664	-0.9277	-0.674	0.375	0.2672	-0.379	-0.3137
2.3754	1.3671	1.6951	2.06	1.5159	1.0222	1.3332	1.844	1.9033	2.1082
0.326	0.0421	0.8647	-0.6685	0.6847	1.2532	0.1845	1.331	1.1878	1.5038
-0.1003	-1.0861	-2.0848	-2.0156	0.1829	-1.5136	1.2944	-0.084	-0.0538	0.3935
-0.7113	-0.4398	-1.4431	0.0846	0.0612	-0.8893	-0.6871	-0.321	0.0647	0.2779
1.4669	0.882	0.6044	0.7772	0.8898	0.235	1.5635	-0.5166	0.7622	0.7761
1.3981	0.3502	0.7426	0.3189	1.4849	0.6907	1.0469	-0.6223	0.6808	1.5133
0.2272	0.7171	0.8683	0.4029	1.022	0.3133	-0.0548	1.4283	0.4947	0.3264
0.116	-2.4302	-0.7161	0.2162	0.1115	-0.2901	0.3812	-0.5677	0.5315	-0.7695
-1.9242	0.1306	-0.1562	0.1657	-0.8767	0.7696	-0.205	-0.8686	-0.9468	0.1749
1.2546	1.3426	0.9435	2.0052	2.6325	2.1779	2.2422	1.7804	2.0868	1.417
0.329	0.3835	0.2385	0.5946	-1.385	-0.3353	-0.1543	-0.0293	0.0122	-0.5178
0.2963	1.7946	-0.7312	0.7988	0.4457	1.0937	0.3939	0.4404	0.359	1.0022
0.8681	-0.2676	1.8446	-0.544	1.326	0.4632	1.0498	1.3076	0.7051	0.4731
-1.4133	-1.4018	-1.6521	-1.6124	-0.8807	-1.0111	-1.683	-0.1858	-0.3233	-1.3313
0.4491	-0.5316	-1.0405	1.2058	0.2346	0.608	0.8372	0.6132	-1.4849	0.2126
-1.633	-2.1533	-1.2669	-2.177	-0.7039	-1.298	-0.805	-0.5481	-1.0469	-1.9392
0.3404	2.0867	1.1037	0.8444	-0.6333	0.5408	0.9139	0.7254	0.6271	1.2074
-1.4866	-1.5004	-2.5213	-0.9932	-0.4597	-1.3474	-1.3522	0.1293	-1.0299	-1.0262
1.3613	1.0323	0.9485	1.8744	1.4116	0.6561	0.5133	0.4405	0.2654	1.1937
1.358	0.1159	0.9454	1.6426	-0.2128	2.3206	2.4534	1.5479	1.2826	1.8595
-0.3124	-0.905	-0.9015	-2.0687	0.2993	0.9708	-1.6157	-1.4467	-1.3219	-2.2172
-1.3884	-0.0351	-0.163	0.3524	-1.5677	0.1004	-1.6593	-0.8191	-0.5969	0.254
-0.3439	0.5492	-0.6753	-0.5284	0.8719	0.3765	0.2453	-1.4348	0.451	-0.1798
-0.3772	-0.0897	0.2921	-0.4829	-0.4956	-0.6121	-0.8195	-0.7466	-1.9883	-0.4718
0.7495	0.8913	1.1427	0.8264	1.377	0.9559	0.5446	0.1741	1.1841	0.082
-0.0707	-0.2591	0.049	0.223	-0.5741	-1.5007	0.3647	0.0177	-0.2124	-0.657
-1.0322	0.5174	-0.1888	-0.9547	-0.847	-0.6873	-0.8303	-0.0001	0.3336	0.9566
-1.0689	-0.9774	0.1772	-1.7039	-0.1491	-1.537	-0.6421	-0.5844	-1.39	-0.5879
-1.3945	-1.0491	-1.0758	-1.0637	-0.6674	-1.0933	-0.6424	0.1988	-0.4029	-0.6039
-0.8027	0.3964	-0.1316	-0.8119	-0.2292	0.0025	-0.9379	0.636	0.9794	1.6565
0.3392	0.8379	1.9321	0.3463	2.2861	1.1291	0.6092	-0.293	1.6516	0.7805
-0.7045	-0.8834	0.6232	0.2998	0.1072	-0.2304	-1.2055	0.333	0.4896	-0.4534
-0.2849	-1.053	0.0501	-0.0417	-0.6451	-0.7003	0.1904	-2.559	0.2125	-0.3837
-0.8026	-0.9281	1.1319	-0.6826	-1.3998	-0.8387	-0.7536	-0.3347	0.1915	-0.2023
0.6978	-1.8773	-0.7407	-0.5587	0.6934	0.0081	1.2998	1.1997	-0.3807	0.3507
-0.1325	-0.3456	-1.682	-0.1288	-1.265	-1.2618	0.1454	-0.7205	0.4731	-1.1881
1.1219	-0.2541	0.5305	0.6742	1.9189	0.2844	-0.2594	0.4241	0.5326	0.8771
-0.8642	-0.357	0.2961	0.1334	-0.0506	-0.6861	-0.8467	-0.9188	-0.6971	0.5178
0.1375	-0.5583	0.8245	-0.2847	0.7318	-0.4566	-0.499	0.1372	-1.7003	-0.1931
1.0281	1.0544	1.0487	1.3608	2.6465	0.7279	1.3892	0.8801	1.2695	1.1133
-0.7338	0.5933	-1.0954	0.1054	-0.7324	0.849	-0.8206	0.8211	-0.0478	0.4755
-1.0745	1.6073	0.4315	-0.1176	0.2971	-0.1406	0.112	1.3828	0.0163	0.9955
1.1509	0.7498	-0.0855	-1.4136	-0.2257	-1.4938	0.6564	-0.0831	-0.5011	0.9823
-0.8125	-0.4835	-0.2696	-1.068	-2.0742	-0.1963	-0.4777	-0.2313	-1.3344	-0.6594
-0.1371	-1.6516	-0.7325	-0.7922	-1.9488	-1.7631	-1.5071	-0.1991	0.1394	-0.5828
1.142	0.002	2.4844	1.1879	0.4992	0.7437	0.6289	1.2138	0.7216	2.1275
-0.4958	1.8078	0.261	0.8051	0.7023	0.1316	0.2464	0.6353	0.4861	0.9984
-0.7449	-0.2284	1.0333	0.4981	0.3088	-0.6021	0.8067	-0.2784	1.7453	1.2509
1.2413	0.6279	0.8182	0.3101	0.2512	-0.0453	-0.1966	1.0826	0.6632	-0.4038
1.5419	1.2373	1.0894	1.1545	1.4236	2.1674	1.0638	0.9591	-0.6455	1.5645
-1.7004	0.3417	0.3904	-0.0754	1.0841	1.1095	0.3896	-0.3559	0.7316	1.4559
-0.5664	-1.1653	0.495	-1.9305	-1.5062	-1.2316	-0.9878	-1.6599	-1.7565	-2.1084
0.7108	-0.9915	-0.8246	0.6536	-0.1849	-0.899	-1.0341	0.0829	0.7315	-0.0347
0.4051	-0.5048	-0.5954	-1.7989	-0.1704	-0.3916	-0.7471	-0.6938	0.12	-1.3628
-0.8946	-1.5743	-1.7686	-0.7416	-0.2649	-1.0537	-2.0614	-1.0578	-1.3765	-0.8984
0.8776	0.1233	2.3414	0.2916	1.1254	-0.5159	0.2587	1.7461	0.6309	0.5008
1.1113	0.0567	-1.0151	0.2548	0.3379	-0.3011	0.3861	0.4114	-0.4205	-0.0713
-0.9274	-1.1348	-1.678	0.1011	-1.743	-1.4256	-0.9288	-1.622	-1.2623	-0.7677
-0.0451	0.0669	1.4837	0.3168	1.637	0.3258	1.0725	-0.217	-0.5393	0.2783
0.3851	-1.262	-0.916	-0.9752	0.4118	0.6313	-1.034	-0.8843	-0.8586	-0.16
-0.5485	0.8883	-0.2712	0.5083	-0.8605	-0.4941	0.7453	0.9914	0.8128	-0.2809
1.0058	0.2118	0.6615	0.3722	0.6321	0.5858	0.2377	0.209	-0.2601	0.0596
-0.9888	-0.5402	1.2393	1.1847	-0.9564	-0.0457	-0.1445	-0.2873	-0.779	0.1928
-0.31	0.7433	-0.067	1.6861	0.9719	0.5252	0.5016	0.2924	0.0584	0.3268
-0.0218	-1.0503	0.1155	-0.5809	-0.3257	-0.1287	-1.1532	-0.9647	-0.2512	-0.8408
1.1862	0.8613	0.5016	-0.0345	2.1549	1.1937	0.6195	0.8954	0.3547	0.5651
1.0729	1.5131	0.1425	0.5324	1.027	0.4832	0.8916	0.9294	0.8992	-1.7015
0.6275	0.0018	0.4517	1.6434	-0.0789	0.0202	0.7942	1.7716	1.8256	1.4795
-0.1579	-0.8896	0.5109	0.4539	-0.5301	0.0782	-1.2352	-0.3223	-0.3154	-0.1185
-0.8659	-0.1732	0.3427	-0.4839	-0.2383	-0.3021	0.1844	1.4878	-1.032	-0.8893
-1.7935	-0.2184	-0.4411	-1.4203	-1.4742	-1.4064	-1.3051	-1.0661	-0.6636	-0.7442
0.4019	-0.4706	0.0862	-0.133	0.8339	-1.1059	0.1662	-1.6209	-0.0786	1.0606
-1.1115	0.1337	-0.6565	0.6032	-0.7027	0.6709	-1.3808	0.2556	-0.5827	-0.6625
0.8575	0.6405	1.0026	0.978	0.8058	1.9132	1.5488	0.9484	0.4805	1.0064
-1.3982	-1.7558	-0.542	-1.1716	0.8269	-0.5397	-0.7384	-1.5029	-1.3491	-0.9015
-0.2111	0.2905	1.3124	0.9517	1.0856	0.7714	0.6245	1.035	-0.2258	0.7167
-0.9519	-1.3214	-1.2552	-1.3627	-1.1198	-1.2465	-0.784	-0.6697	-1.243	-0.9549
-1.3198	-1.8638	-1.4026	-1.0364	-1.0955	-0.4555	-1.8803	-1.7935	-1.5362	-1.6851
-1.97	0.1735	-0.4597	0.7499	0.0135	-0.2649	0.0474	-1.1044	-0.3523	0.0511
0.5322	1.0435	0.7746	1.8229	0.4133	0.6612	1.2915	0.6519	1.7582	1.2595
0.0291	-0.398	-0.7516	-0.9986	0.5996	0.5494	0.2373	-0.9101	-0.1325	0.3499
-0.16	-0.0611	1.3394	-0.2277	0.1845	-0.0319	0.0276	-0.2929	-0.3115	-0.7255
1.5688	0.2908	1.6224	1.9825	1.3358	1.4722	0.8724	1.4576	1.1931	0.5408
-0.31	0.0104	-0.3284	-0.1786	0.0218	-1.0693	-0.3663	0.5594	1.0451	-1.478
0.3616	0.2671	1.6179	0.9613	0.6823	0.5387	-0.39	-1.5427	-0.1364	1.2879
-0.7612	-0.1899	-0.214	-0.8904	-0.4284	-0.9386	-1.4851	-1.6527	-1.2892	-1.4079
1.1295	1.5911	0.3078	0.6063	0.0911	0.6585	1.2019	-0.4059	-0.2546	0.6009
0.806	-0.5362	-0.2951	0.2622	-0.6971	-0.1958	0.2666	-0.1015	1.7407	0.5975
-1.3911	-0.5535	-0.2512	-2.1148	-1.6843	-1.8935	-0.6297	-1.1729	-1.9732	-0.9145
0.2083	0.0049	0.5017	0.192	0.3727	-1.7382	0.1623	0.6487	0.6471	0.1131
-0.1443	-1.5293	-1.1644	0.315	-1.8273	-1.0096	-0.112	0.3368	0.1758	-0.1578
-1.1012	-0.5273	-0.1315	0.2498	-0.7645	-0.0488	0.2041	0.3475	-1.1779	-1.2359
0.5776	-1.3611	-1.2492	-1.5251	-1.1762	-1.4963	-0.8871	-1.4025	-0.768	-1.2709
0.791	-0.0264	-0.7723	0.0944	-1.3039	-0.3572	0.6911	0.7144	-0.1591	0.0096
-0.1341	0.8986	0.6409	0.1017	0.061	1.0079	0.5975	0.4063	-0.4107	-1.4445
-1.0555	0.5348	0.232	0.6768	-1.4811	0.9988	-0.3238	1.7728	1.2282	-0.5501
1.6357	1.7839	1.556	1.8205	1.9253	2.2954	2.5269	0.3593	1.0543	0.9963
-0.7697	-0.0367	-0.2716	0.0537	-0.8744	-0.5006	-1.1047	-1.6783	-1.1965	0.4526
-0.3005	0.8355	-0.2254	1.0576	1.5383	0.6064	0.4483	0.0251	-1.022	0.4496
-0.2315	-2.1203	-0.2062	-1.5046	-0.7188	-1.2412	-0.2569	0.1879	-0.8043	-0.7441
0.2765	-0.325	-1.2616	-0.4823	0.8159	0.0867	-0.338	-1.1251	0.8594	-0.1403
0.3875	0.3013	-0.3924	-1.661	0.2453	-1.3611	-1.0948	-1.1042	-0.183	-0.5022
0.0134	-1.3463	0.465	-0.4601	-0.0027	1.138	-0.774	-0.751	1.8502	-0.4524
1.6513	2.4786	2.1758	1.5508	1.9735	2.1509	2.9171	1.4064	0.8272	1.236
0.7301	-0.6392	1.5916	0.3553	0.9339	-0.9802	-0.3627	0.9952	0.1475	-1.4537
1.0472	-0.7233	0.5844	1.1182	-0.9072	0.852	-0.2026	0.7021	1.2888	0.1424
-1.5577	0.4375	-0.8983	-1.0255	-0.8632	-0.9757	-1.7021	0.0967	1.1076	0.2461
-1.3252	-0.5438	1.0398	-0.099	0.5917	1.061	-0.8004	0.3183	0.158	-0.1312
-1.1246	-0.4728	0.3406	1.1266	1.0941	0.3506	0.1659	-0.3833	0.0848	0.6716
-2.6777	-0.1532	-1.1497	-1.7182	0.1018	0.1407	-0.6788	-1.2892	-2.0427	-1.5775
-1.2344	-2.0376	-0.9057	0.1096	0.3329	-1.6491	0.3637	0.0326	-0.4877	-1.4679
0.6735	0.5566	-0.5597	1.391	-0.2854	0.8787	0.7649	0.6811	2.4007	0.9616
1.3711	0.5618	0.5489	0.7331	-0.9373	-0.9376	-0.9856	0.147	-0.2349	-2.068
-1.0444	-1.667	-0.0483	-1.2267	-0.4958	-0.9336	-1.3625	-0.9859	-1.2318	-1.1468
1.715	1.0249	2.0803	1.4154	0.7915	0.2409	2.1063	2.4892	1.3863	0.5071
-0.3356	0.5108	-0.7371	-0.8454	-0.6553	-0.3347	-0.4523	-1.0464	-0.0955	-1.4271
1.0451	0.6068	1.214	1.4532	0.7885	0.4379	0.6903	0.5641	1.1439	1.4069
0.9147	0.6289	1.3577	0.8886	0.8815	0.3019	1.0318	1.0566	0.7977	0.2002
-0.7727	-0.2199	-0.7569	-1.2672	-0.1734	-0.6987	-1.2638	-1.1689	-0.4189	-1.5933
-0.4205	-1.1657	-0.7543	-0.4764	0.466	0.3162	-0.098	0.2573	-0.5134	-0.6967
1.8579	1.9659	0.7479	1.2377	1.4632	1.7309	0.9248	0.8641	1.0643	1.0684
-0.8791	0.0262	-0.0361	0.3676	-0.3029	0.2231	1.0222	0.5444	0.1158	-0.1
0.5714	1.8971	1.0685	1.0086	0.4007	0.1479	0.1532	0.8933	-0.4027	0.755
-1.3819	0.2088	-0.2417	-1.6875	0.0473	-1.2411	-0.857	-1.3104	-0.342	0.1619
-0.1876	-0.367	-0.7358	0.5769	0.7	0.431	-0.8618	0.4005	-1.4886	-0.3191
-0.2306	-0.4612	-0.7273	-1.4282	-0.9316	-1.1772	-1.3576	1.0859	-0.7944	-1.6282
1.4775	0.0763	0.3156	-0.419	1.9406	0.0263	0.3811	1.461	0.8405	1.1007
-1.6469	-1.7047	-2.874	-1.6307	-1.7097	-1.1894	-1.4022	-2.379	-1.7268	-0.0053
1.0629	1.3759	0.8886	1.6502	1.3475	0.4235	0.0506	1.1113	1.811	-0.7766
0.5493	-1.3402	0.0385	-0.5514	1.5181	-0.4684	-0.0095	-0.0471	0.017	-0.6439
-0.3326	-0.4478	-0.0886	-0.5153	0.337	-1.1076	-1.3612	-0.6817	-1.5841	-1.2919
-0.1395	0.2802	-0.5798	0.0649	1.6383	-0.3336	1.6267	0.6925	0.52	0.7782
1.0307	-0.4385	-0.0407	1.2078	-0.9163	0.526	-0.1932	0.2221	1.4065	0.3409
2.0344	0.6203	1.344	-0.3647	2.3257	1.1598	0.5857	1.2832	1.519	1.6347
0.0879	-1.2154	1.0097	1.6506	-0.2208	-0.1244	0.9364	-1.344	0.2698	0.1412
-0.2186	1.9494	1.0516	0.7412	1.2121	-0.5723	0.5864	0.2281	1.5434	0.1949
-0.2184	0.4853	0.9507	1.538	-0.9965	-0.586	-0.4416	0.8054	-0.2951	0.0597
-0.3163	-0.6497	-2.1547	-1.143	-1.34	-2.1989	-1.1703	-1.6034	-1.6554	-0.6832
1.0934	0.1027	1.1868	1.2971	2.7561	1.3147	1.591	2.1938	1.9997	0.358
0.0392	-0.9166	-0.782	-1.8204	-0.5729	-0.4369	-0.6131	-0.1983	-1.5544	0.3944
0.8778	0.2137	-0.301	0.3088	0.7346	0.6582	-0.8206	0.1589	0.9265	-1.2613
0.8498	0.7419	1.1177	-0.2756	0.1632	-0.5277	1.0506	1.9613	2.7489	0.1142
0.6692	-0.121	0.631	1.3932	-0.1831	1.4552	1.2918	0.6268	0.093	-0.0867
1.1541	0.9068	0.1772	-0.7023	-0.3244	-0.2912	0.2943	-0.8393	-1.3971	-0.8878
-0.2977	1.5226	0.6884	0.9032	-0.0242	0.6711	0.6286	-0.7971	1.4976	0.253
-0.258	0.5149	-0.386	-0.8411	0.311	-0.4239	-0.6179	-0.5514	-0.99	-1.4654
-0.5297	-1.7257	-0.9094	-0.4403	0.6416	1.0757	-1.0346	-0.7097	-0.1826	-0.7426
-1.3518	-0.1076	0.3666	-0.3425	-0.8656	-0.4868	-0.8443	0.4208	-1.0434	-1.3898
-1.1435	-1.2407	0.5927	-1.2583	-0.7112	0.0487	-0.2135	-0.1824	-0.2645	-0.2936
-1.5559	-1.6277	-0.7193	-0.0365	0.2148	-0.5166	-0.7909	-0.9455	-0.8045	-0.2093
0.7523	-1.2784	1.002	-0.7171	-0.9954	0.5515	0.9306	-0.0737	-0.6062	0.3546
-0.2961	0.189	0.2258	-0.7725	-1.1073	1.2735	-0.2115	-0.2328	-0.4978	-0.4502
-0.0299	0.2171	-0.3253	-0.2049	-0.2967	0.0424	0.7652	-1.4493	0.2928	0.2188
-0.3298	-0.6052	-0.8941	-0.3683	-0.693	-1.4731	-0.4883	-0.0115	1.3268	-0.3177
1.4748	-0.2116	0.1035	0.2821	0.1332	1.4018	1.1365	2.7827	0.8413	2.1753
0.4016	-0.4733	0.6776	0.9147	-1.4302	0.1819	0.585	0.7185	0.4876	0.0404
2.2935	1.8501	0.1485	1.1049	0.5379	2.1532	0.2412	2.4415	0.8082	0.0088
-2.77	-1.2266	-0.5997	-1.1802	-0.9061	-0.6983	-1.3451	-1.4782	-2.1967	-1.1923
0.8225	0.5073	-1.5258	0.3018	-0.4249	-1.0847	-0.0388	-0.5855	-0.7604	-0.178
1.1149	0.6494	0.2275	-0.2786	-0.1364	-0.0442	-0.916	1.5216	0.2167	0.7353
0.0252	0.0005	0.8885	-0.1481	-0.1485	0.9888	-0.7005	1.8654	-0.4303	0.276
0.5882	0.3634	0.661	0.602	0.5679	1.823	0.7742	0.038	-0.1666	1.3753
